17910,93,22685,3188,7263,-93,15792,102,567,3425,6761,8453,9216
14488,104,6284,3182,7266,-90,86,100,276,3551,8036,8453,27776
14488,104,6284,3182,7266,-92,15251,101,1539,3424,6746,8453,9216
10392,94,5944,3178,7268,-87,86,99,209,3553,8033,8453,27776
9273,99,2247,3175,7292,-91,48,100,221,3557,8026,8453,27776
4134,101,2083,3172,7300,-92,40,101,240,3560,8023,8453,27776
3568,93,3818,3177,7305,-93,44,100,298,3561,8017,8453,27776
7898,94,8291,3178,7344,-90,11975,99,3989,3420,6578,8453,9216
13754,97,5668,3180,7349,-77,4,103,5943,3564,8005,8453,27776
16668,106,7350,3184,7358,-85,0,106,3174,3564,7996,8453,27776
16668,106,7350,3184,7358,-92,21576,86,7449,3414,6542,8453,9216
23334,119,18671,3177,7368,-78,51920,110,8566,3412,6530,8453,9216
11023,103,22511,3171,7373,-93,80544,100,1383,3411,6515,8453,9216
622,134,19560,3173,7370,-90,0,86,9384,3567,7969,8453,27776
622,134,19560,3173,7370,-74,79904,98,1645,3412,6505,8453,9216
116,108,14811,3184,7397,-88,84432,102,3208,3412,6497,8453,9216
22,104,7785,3190,7446,-77,90624,99,807,3414,6497,8453,9216
180,98,8610,3196,7509,-68,90752,100,307,3415,6502,8453,9216
14315,98,21949,3190,7557,-68,89376,101,1599,3416,6505,8453,9216
26512,121,13418,3183,7586,-67,92992,99,610,3415,6497,8453,9216
11095,94,7414,3174,7589,-94,0,108,3399,3573,7978,8453,27776
11095,94,7414,3174,7589,-65,96016,100,2009,3416,6488,8453,9216
6495,103,8174,3173,7589,-82,102544,102,3212,3415,6481,8453,9216
4596,103,3264,3176,7589,-80,110047,99,3368,3405,6471,8453,9216
4409,99,3827,3178,7586,-95,0,110,5240,3577,7971,8453,27776
4409,99,3827,3178,7586,-70,84288,98,2093,3407,6466,8453,9216
4676,95,3324,3184,7579,-70,74096,104,3152,3408,6466,8453,9216
5260,148,15858,3184,7586,-93,0,117,7314,3580,7964,8453,27776
5260,148,15858,3184,7586,-76,20212,100,3606,3400,6466,8453,9216
5062,118,12955,3183,7586,-77,8494,102,2439,3389,6453,8453,9216
4174,109,17760,3185,7591,-94,0,90,5244,3583,7962,8453,27776
4174,109,17760,3185,7591,-70,5990,102,3688,3383,6453,8453,9216
4144,85,4395,3177,7598,-92,2,94,6783,3585,7937,8453,27776
4144,85,4395,3177,7598,-72,5827,97,2275,3378,6448,8453,9216
7042,92,7007,3175,7593,-88,14,101,7250,3586,7946,8453,27776
7042,92,7007,3175,7593,-88,8938,97,6706,3373,6444,8453,9216
3590,112,11902,3182,7584,-93,22,89,9442,3587,7945,8453,27776
3590,112,11902,3182,7584,-91,14632,102,3560,3369,6444,8453,9216
2192,115,9749,3180,7581,-88,6,135,9122,3589,7961,8453,27776
2192,115,9749,3180,7581,-87,6481,102,2499,3365,6450,8453,9216
9090,111,19609,3183,7581,-84,20,99,6305,3590,7966,8453,27776
9090,111,19609,3183,7581,-76,2806,100,1917,3362,6451,8453,9216
6316,101,17537,3177,7591,-88,0,97,9807,3590,7965,8453,27776
6316,101,17537,3177,7591,-83,1951,107,5047,3361,6452,8453,9216
2987,132,15279,3178,7586,-86,0,101,7362,3590,7926,8453,27776
2987,132,15279,3178,7586,-72,2150,98,2969,3362,6460,8453,9216
1571,111,3556,3183,7586,-85,0,134,10134,3589,7962,8453,27776
1571,111,3556,3183,7586,-91,3694,110,3181,3364,6470,8453,9216
2611,113,4776,3189,7600,-92,0,97,9499,3591,7967,8453,27776
2611,113,4776,3189,7600,-94,4610,104,2527,3365,6483,8453,9216
1437,105,6214,3206,7627,-86,8036,103,4488,3365,6485,8453,9216
1838,112,6495,3213,7633,-83,34996,113,4981,3358,6493,8453,9216
92524,101,13679,3214,7622,-92,0,129,9721,3593,7967,8453,27776
92524,101,13679,3214,7622,-92,13987,81,7839,3343,6501,8453,9216
259680,97,6447,3207,7619,-86,5951,104,6987,3348,6509,8453,9216
238816,105,14230,3206,7597,-70,5165,95,3687,3345,6519,8453,9216
52320,107,8027,3203,7592,-78,12892,95,3009,3342,6523,8453,9216
50063,129,17924,3200,7570,-78,12812,102,5727,3345,6533,8453,9216
53895,104,12022,3257,7585,-72,30388,96,3424,3345,6550,8453,9216
32058,102,10953,3231,7621,-76,43912,100,3335,3335,6558,8453,9216
52576,99,5326,3225,7612,-81,49456,115,3934,3336,6558,8453,9216
43088,107,12828,3228,7631,-95,0,90,7231,3601,7913,8453,27776
43088,107,12828,3228,7631,-82,60055,106,4561,3338,6558,8453,9216
57568,96,10315,3219,7641,-88,69808,97,2654,3339,6567,8453,9216
84360,100,11331,3214,7633,-95,0,99,8348,3603,7881,8453,27776
84360,100,11331,3214,7633,-78,90464,103,6950,3339,6567,8453,9216
52392,92,17363,3217,7617,-81,295040,106,4470,3335,6559,8453,9216
3028,129,27411,3222,7600,-84,332160,98,5329,3315,6555,8453,9216
506,103,16407,3220,7614,-77,423488,101,4369,3318,6564,8453,9216
359,114,18478,3222,7646,-93,2,105,4418,3608,7842,8453,27776
359,114,18478,3222,7646,-82,450112,99,3749,3319,6569,8453,9216
248,108,22381,3225,7687,-85,12,125,9196,3608,7832,8453,27776
248,108,22381,3225,7687,-81,441536,100,2417,3319,6574,8453,9216
36,138,13072,3229,7727,-84,378175,100,3009,3322,6584,8453,9216
667,139,18008,3234,7799,-92,18,117,8508,3606,7812,8453,27776
667,139,18008,3234,7799,-82,226272,108,6167,3318,6584,8453,9216
363,102,12321,3239,7821,-84,268832,103,4004,3300,6581,8453,9216
64,99,6853,3241,7850,-64,350208,103,5352,3298,6581,8453,9216
99,101,16485,3244,7875,-94,20,117,5349,3609,7810,8453,27776
99,101,16485,3244,7875,-76,306432,104,5906,3290,6581,8453,9216
650,137,16376,3246,7901,-82,239327,110,4200,3296,6591,8453,9216
475,126,10199,3252,7933,-86,209599,92,4426,3290,6600,8453,9216
1098,80,12569,3256,7958,-95,22,98,14405,3611,7790,8453,27776
112,138,11191,3260,7967,-85,196800,98,6619,3272,6598,8453,9216
1105,87,13449,3261,7972,-82,276703,96,4757,3275,6599,8453,9216
1320,97,12303,3264,7974,-88,547392,95,6286,3284,6610,8453,9216
9447,141,15769,3269,7993,-76,34,108,10190,3614,7714,8453,27776
9447,141,15769,3269,7993,-87,566464,96,5454,3287,6610,8453,9216
808768,98,11058,3258,8002,-87,26,98,7452,3617,7732,8453,27776
808768,98,11058,3258,8002,-83,721536,101,5367,3294,6610,8453,9216
6430080,109,9033,3268,7964,-84,28,97,6616,3617,7716,8453,27776
6430080,109,9033,3268,7964,-83,528704,96,3475,3288,6610,8453,9216
5692160,114,10255,3273,7910,-82,32,117,5625,3619,7723,8453,27776
5692160,114,10255,3273,7910,-76,518336,116,5367,3266,6617,8453,9216
8386560,97,4037,3266,7854,-77,642624,103,5603,3270,6628,8453,9216
5118720,114,20155,3294,7751,-70,678208,107,5629,3290,6654,8453,9216
7768576,102,10875,3315,7723,-82,611520,100,7221,3287,6659,8453,9216
7768064,113,6586,3347,7675,-77,779776,103,5279,3280,6669,8453,9216
7467519,96,5140,3362,7642,-88,757568,102,2547,3289,6669,8453,9216
8168447,104,7374,3368,7591,-90,807936,100,5781,3281,6669,8453,9216
5030143,112,7965,3391,7440,-91,856832,108,2565,3280,6679,8453,9216
1796991,99,7693,3382,7383,-84,871040,98,6040,3274,6685,8453,9216
1544320,112,7075,3385,7356,-79,24,139,11677,3630,7829,8453,27776
1544320,112,7075,3385,7356,-86,769856,101,2703,3268,6685,8453,9216
8386560,92,7403,3419,7345,-84,608192,109,2878,3273,6695,8453,9216
5017088,97,6364,3441,7326,-88,32,77,10978,3630,7843,8453,27776
1621376,117,6357,3414,7294,-86,32,103,10254,3630,7828,8453,27776
1621376,117,6357,3414,7294,-89,666560,98,3640,3265,6695,8453,9216
6696320,104,5438,3421,7252,-88,56,94,9828,3630,7853,8453,27776
6696320,104,5438,3421,7252,-77,718336,98,3757,3252,6692,8453,9216
8386560,113,7174,3450,7246,-83,30,111,10254,3631,7851,8453,27776
8386560,113,7174,3450,7246,-73,831808,107,4383,3253,6695,8453,9216
8386560,99,5661,3467,7221,-82,30,109,8312,3631,7833,8453,27776
8386560,99,5661,3467,7221,-81,573376,97,3949,3246,6695,8453,9216
8386560,106,4725,3481,7188,-82,491712,99,2778,3237,6702,8453,9216
8386560,92,2727,3491,7158,-77,26,94,9874,3632,7887,8453,27776
8386560,92,2727,3491,7158,-90,518144,102,5614,3233,6707,8453,9216
8386560,113,4319,3500,7120,-76,48,91,8952,3631,7907,8453,27776
8386560,113,4319,3500,7120,-80,525247,103,6500,3230,6714,8453,9216
8386560,96,3996,3518,7076,-84,35,110,9241,3633,7888,8453,27776
8386560,96,3996,3518,7076,-81,498751,99,6560,3229,6721,8453,9216
8386560,101,6949,3537,7040,-70,499712,105,3987,3231,6738,8453,9216
8386560,103,3742,3549,7008,-76,909952,101,6089,3252,6771,8453,9216
8386560,100,2436,3559,6972,-88,1184896,104,7245,3271,6802,8453,9216
8386560,106,1967,3569,6933,-88,28,103,10021,3634,7927,8453,27776
8386560,106,1967,3569,6933,-88,895552,108,15374,3278,6825,8453,9216
8386560,99,1001,3583,6896,-90,6,104,8497,3637,7850,8453,27776
7085568,90,2418,3603,6816,-91,24,102,2419,3636,7944,8453,27776
6599040,112,8814,3606,6779,-89,24,100,2504,3638,7915,8453,27776
564351,114,8518,3580,6732,-91,48,100,5040,3640,7875,8453,27776
421376,107,5276,3558,6699,-82,16,98,4475,3640,7910,8453,27776
422016,99,4725,3541,6676,-90,20,121,15020,3640,7959,8453,27776
540352,93,6506,3509,6644,-88,24,107,8388,3639,7993,8453,27776
240596,168,23356,3446,6577,-91,24,98,6069,3641,7983,8453,27776
240596,168,23356,3446,6577,-86,2494079,126,15549,3362,7669,8453,9216
727296,109,17971,3444,6575,-96,18,123,6439,3643,7964,8453,27776
5376,129,24082,3438,6575,-90,56996,108,12296,3365,7497,8453,9216
1173,158,17122,3447,6651,-88,38,112,10904,3641,7991,8453,27776
2926,134,13135,3449,6708,-81,30,107,7824,3643,7975,8453,27776
937,94,14414,3454,6757,-86,30,109,8768,3642,7964,8453,27776
1726,128,17108,3459,6860,-88,20,117,9176,3642,7920,8453,27776
1277,135,19034,3457,6902,-95,28,96,9175,3643,7932,8453,27776
1623,117,12880,3461,6939,-86,24,110,12825,3644,7913,8453,27776
153,137,14715,3458,6968,-97,28,105,6954,3642,7950,8453,27776
2928,95,15834,3460,7143,-85,12,129,8815,3645,7985,8453,27776
1885,107,14374,3463,7239,-81,32,114,7240,3646,7921,8453,27776
1885,107,14374,3463,7239,-88,147936,105,3667,3467,6617,8453,9216
5778,127,22487,3464,7256,-92,26,99,10638,3646,7936,8453,27776
5778,127,22487,3464,7256,-88,104848,111,9414,3483,6579,8453,9216
5400,123,24651,3461,7268,-82,16,98,14296,3647,7886,8453,27776
5495,118,10285,3464,7292,-82,26,130,7698,3645,7984,8453,27776
1247,126,12491,3469,7352,-94,8,122,9453,3648,7945,8453,27776
3214,88,12468,3472,7380,-87,30,106,5447,3650,7950,8453,27776
7697,123,7913,3481,7426,-72,32,115,5661,3651,7896,8453,27776
7697,123,7913,3481,7426,-83,165728,97,2233,3554,6346,8453,9216
802688,106,14817,3482,7475,-76,22,121,12160,3654,7857,8453,27776
802688,106,14817,3482,7475,-84,169952,98,4151,3559,6317,8453,9216
1593408,95,4887,3489,7481,-71,38,107,7272,3652,7973,8453,27776
1593408,95,4887,3489,7481,-76,185920,103,2759,3559,6290,8453,9216
987392,95,3568,3498,7444,-80,24,87,4683,3654,7940,8453,27776
987392,95,3568,3498,7444,-74,190848,102,2816,3562,6260,8453,9216
1131391,93,3154,3504,7418,-79,50,104,6215,3655,7918,8453,27776
1131391,93,3154,3504,7418,-76,197376,102,2075,3564,6233,8453,9216
1293824,103,7333,3517,7375,-76,49,105,3247,3656,7894,8453,27776
1293824,103,7333,3517,7375,-82,203008,100,1665,3568,6204,8453,9216
2930943,98,4422,3532,7333,-88,199904,106,1609,3568,6174,8453,9216
6612991,99,2831,3557,7278,-78,49,100,1152,3656,7958,8453,27776
6612991,99,2831,3557,7278,-89,206111,98,1416,3574,6150,8453,9216
7372800,99,5052,3564,7215,-76,156,100,1564,3658,7931,8453,27776
7372800,99,5052,3564,7215,-85,213472,101,456,3576,6130,8453,9216
4417280,104,5403,3563,7149,-74,221,100,689,3660,7891,8453,27776
4417280,104,5403,3563,7149,-84,217856,102,1260,3584,6113,8453,9216
2595584,97,1847,3558,7090,-76,167,100,196,3661,7884,8453,27776
3482112,99,4649,3559,7036,-89,94,99,938,3661,7894,8453,27776
3482112,99,4649,3559,7036,-89,613824,101,669,3608,6089,8453,9216
5174784,101,5155,3564,6984,-83,99,100,318,3664,7899,8453,27776
8386560,112,9279,3569,6930,-88,124,100,228,3665,7906,8453,27776
5202432,100,5947,3554,6880,-90,112,100,1118,3666,7926,8453,27776
5202432,100,5947,3554,6880,-93,402304,107,4016,3644,6030,8453,9216
3096448,118,11999,3537,6781,-87,59,100,9182,3667,8019,8453,27776
3096448,118,11999,3537,6781,-84,378880,105,2551,3657,5997,8453,9216
2784640,97,11890,3519,6730,-80,46,119,7749,3667,8140,8453,27776
2784640,97,11890,3519,6730,-85,418559,97,3896,3665,5984,8453,9216
1130303,104,9722,3530,6703,-80,34,106,5222,3666,8224,8453,27776
1130303,104,9722,3530,6703,-91,581376,102,1839,3678,5970,8453,9216
958976,160,20904,3529,6673,-91,36,96,7888,3665,8285,8453,27776
958976,160,20904,3529,6673,-90,642112,101,1298,3696,5955,8453,9216
356544,120,6206,3533,6649,-85,30,116,10261,3666,8312,8453,27776
356544,120,6206,3533,6649,-93,617472,101,748,3715,5938,8453,9216
375936,99,5232,3542,6624,-78,551,102,10354,3669,8268,8453,27776
375936,99,5232,3542,6624,-84,635200,101,891,3733,5914,8453,9216
987071,140,14934,3544,6597,-76,3125,124,13684,3662,8330,8453,27776
987071,140,14934,3544,6597,-76,604736,99,1488,3746,5887,8453,9216
1184512,90,12371,3534,6578,-70,521012,83,13815,3663,8352,8453,27776
1184512,90,12371,3534,6578,-84,436992,101,3369,3763,5861,8453,9216
2729600,109,19432,3535,6568,-60,1174592,126,23232,3661,8340,8453,27776
3578111,83,20508,3524,6561,-87,1328000,90,12083,3653,8254,8453,27776
3578111,83,20508,3524,6561,-87,463167,96,3751,3779,5803,8453,9216
397512,121,16602,3510,6537,-71,1535360,101,1308,3664,8103,8453,27776
491496,110,11910,3518,6508,-76,1559424,100,609,3666,7945,8453,27776
491496,110,11910,3518,6508,-88,315871,96,4763,3773,5751,8453,9216
7068,97,8213,3521,6512,-70,1623296,98,3472,3679,7793,8453,27776
5900,94,4701,3526,6560,-61,1710336,100,1567,3686,7673,8453,27776
6211,124,10022,3528,6617,-83,1848320,101,1041,3689,7547,8453,27776
6211,124,10022,3528,6617,-88,185664,102,1082,3780,5714,8453,9216
403,102,14271,3529,6764,-86,1688960,99,507,3669,7310,8453,27776
403,102,14271,3529,6764,-83,187776,105,1078,3790,5697,8453,9216
582,88,5413,3527,6846,-89,1589632,101,7214,3662,7199,8453,27776
582,88,5413,3527,6846,-93,202912,94,2450,3786,5682,8453,9216
548,94,11640,3524,6917,-74,1376640,118,11363,3639,7089,8453,27776
351,119,17817,3523,6987,-89,1398272,96,8413,3611,7016,8453,27776
351,119,17817,3523,6987,-76,1720768,101,6320,3783,5647,8453,9216
601,97,9317,3519,7037,-88,1467264,104,18319,3605,6926,8453,27776
529,129,17036,3520,7085,-88,1454208,105,19709,3604,6874,8453,27776
357,97,12046,3521,7123,-89,1414656,120,10349,3613,6814,8453,27776
696,141,18038,3521,7155,-88,1275264,112,10410,3607,6759,8453,27776
525,113,13923,3517,7186,-78,1386496,105,17463,3586,6707,8453,27776
525,113,13923,3517,7186,-89,1196192,102,2784,3795,5522,8453,9216
472,124,11396,3516,7209,-96,1456000,91,14411,3574,6662,8453,27776
472,124,11396,3516,7209,-82,213440,103,1763,3787,5502,8453,9216
521,111,9646,3509,7216,-87,1479680,107,9611,3590,6632,8453,27776
775,131,18168,3507,7233,-85,1491584,107,8607,3605,6609,8453,27776
775,131,18168,3507,7233,-90,158880,100,2153,3781,5482,8453,9216
340,161,16389,3505,7243,-82,1352960,96,7617,3608,6581,8453,27776
340,161,16389,3505,7243,-96,167840,105,2051,3785,5480,8453,9216
532,111,15735,3502,7238,-82,1127936,103,10235,3593,6551,8453,27776
407,123,16592,3502,7241,-89,1064576,107,5800,3581,6529,8453,27776
407,123,16592,3502,7241,-93,177408,104,1237,3781,5467,8453,9216
551,122,10855,3501,7243,-76,1043456,114,10975,3573,6519,8453,27776
856,91,21660,3495,7243,-95,902976,105,10156,3560,6500,8453,27776
181,101,9020,3500,7241,-85,648576,100,11028,3560,6493,8453,27776
470,91,18199,3494,7237,-64,248096,108,6888,3525,6472,8453,27776
470,91,18199,3494,7237,-99,206208,100,3776,3778,5391,8453,9216
616,142,15878,3497,7236,-74,207904,98,8682,3510,6466,8453,27776
616,142,15878,3497,7236,-88,178304,104,8403,3778,5366,8453,9216
784,128,12776,3492,7229,-87,259520,98,16956,3498,6456,8453,27776
163,143,12981,3490,7222,-87,499391,100,11704,3437,6440,8453,27776
1012,118,14403,3487,7222,-88,494463,120,6465,3411,6447,8453,27776
1012,118,14403,3487,7222,-93,191680,101,1836,3759,5295,8453,9216
679,91,16415,3488,7212,-78,502848,105,8273,3378,6447,8453,27776
622,121,14235,3488,7208,-81,589184,93,7330,3354,6458,8453,27776
622,121,14235,3488,7208,-93,195328,97,3575,3738,5274,8453,9216
666,145,15751,3482,7205,-86,718912,98,6689,3354,6483,8453,27776
666,145,15751,3482,7205,-92,168032,100,2733,3716,5266,8453,9216
679,142,11768,3485,7203,-78,587840,106,5378,3360,6511,8453,27776
1081,175,14188,3485,7193,-76,642112,103,8263,3350,6526,8453,27776
178,144,11033,3485,7193,-85,452928,111,8277,3360,6563,8453,27776
671,127,15750,3481,7183,-76,411935,111,12086,3351,6584,8453,27776
671,127,15750,3481,7183,-93,45568,109,5391,3643,5291,8453,9216
702,119,11712,3478,7178,-89,460608,107,11704,3344,6604,8453,27776
702,119,11712,3478,7178,-92,31392,105,3185,3625,5305,8453,9216
1903,150,21023,3478,7188,-89,30600,97,2741,3620,5326,8453,9216
1214,126,15195,3466,7196,-93,51175,103,2386,3611,5343,8453,9216
7966,116,11985,3456,7249,-84,629824,98,4851,3354,6681,8453,27776
6326880,94,9236,3448,7241,-87,700928,106,7545,3361,6703,8453,27776
4234496,111,11623,3486,7243,-91,156384,104,2543,3581,5395,8453,9216
8386560,104,7748,3494,7221,-83,676928,105,4928,3371,6745,8453,27776
8386560,98,3193,3511,7154,-90,641152,101,2514,3380,6767,8453,27776
8386560,98,3193,3511,7154,-93,322368,99,2028,3556,5454,8453,9216
8386560,109,4942,3506,7140,-92,613888,96,4905,3379,6774,8453,27776
8386560,109,4942,3506,7140,-93,250528,100,1604,3550,5474,8453,9216
8386560,99,4213,3532,7122,-87,594368,101,4990,3385,6782,8453,27776
8386560,99,4213,3532,7122,-91,248799,99,2297,3564,5496,8453,9216
8050688,110,9834,3577,7104,-87,628032,102,10298,3383,6788,8453,27776
8050688,110,9834,3577,7104,-91,255711,102,2468,3573,5514,8453,9216
7739904,105,6226,3600,7059,-88,507392,100,5321,3385,6788,8453,27776
7739904,105,6226,3600,7059,-90,187456,103,2009,3586,5528,8453,9216
7591424,97,7981,3607,7012,-95,584896,100,5054,3377,6787,8453,27776
7591424,97,7981,3607,7012,-90,65263,103,1738,3575,5533,8453,9216
7702016,107,7110,3611,6961,-88,711040,117,4238,3377,6787,8453,27776
7702016,107,7110,3611,6961,-89,161344,100,2869,3572,5544,8453,9216
6526080,121,21718,3624,6920,-77,793791,104,2527,3377,6787,8453,27776
6526080,121,21718,3624,6920,-89,100671,100,4552,3567,5553,8453,9216
607360,139,19807,3594,6852,-77,878911,101,2469,3381,6787,8453,27776
516800,124,23426,3565,6810,-83,936639,103,2946,3386,6795,8453,27776
4376384,106,13702,3548,6755,-82,1029951,102,5795,3401,6800,8453,27776
4376384,106,13702,3548,6755,-89,187200,101,4389,3578,5587,8453,9216
8236031,109,10239,3574,6740,-73,1041983,119,8804,3405,6800,8453,27776
8386560,94,4220,3621,6740,-88,3449087,103,4579,3417,6809,8453,27776
8386560,108,9011,3655,6726,-77,6630911,96,5119,3465,6826,8453,27776
8386560,104,6050,3674,6689,-78,3195392,104,7187,3479,6824,8453,27776
8386560,101,4736,3707,6658,-75,1296640,108,11202,3476,6807,8453,27776
7946239,103,11801,3729,6617,-70,1401344,101,6632,3467,6782,8453,27776
7946239,103,11801,3729,6617,-93,400607,107,4114,3633,5634,8453,9216
7713280,113,11085,3716,6567,-74,1078016,95,3650,3462,6764,8453,27776
7713280,113,11085,3716,6567,-90,438464,103,2109,3642,5634,8453,9216
8102400,93,6470,3740,6531,-72,986880,103,1560,3459,6750,8453,27776
7838208,99,7937,3768,6489,-76,1319872,101,4489,3459,6735,8453,27776
7921664,109,4800,3779,6452,-86,1465856,98,3728,3468,6723,8453,27776
7921664,109,4800,3779,6452,-93,140960,108,3377,3678,5613,8453,9216
8386560,104,7168,3781,6407,-84,1600640,95,2635,3469,6706,8453,27776
8386560,104,7168,3781,6407,-92,127312,104,3722,3690,5595,8453,9216
8386560,102,3610,3772,6364,-77,851008,103,5040,3471,6695,8453,27776
8386560,107,3183,3766,6324,-72,1455231,101,2453,3463,6683,8453,27776
8386560,106,4628,3758,6285,-76,1978496,100,851,3471,6674,8453,27776
8386560,106,4628,3758,6285,-91,168576,100,2512,3689,5553,8453,9216
7913472,102,5553,3735,6246,-75,1618816,100,1126,3465,6664,8453,27776
8386560,104,3997,3721,6217,-84,2371968,103,2727,3470,6655,8453,27776
7831552,109,7648,3708,6195,-67,2903039,92,9760,3472,6650,8453,27776
8256000,101,3569,3684,6180,-71,2561792,96,8991,3474,6637,8453,27776
8256000,101,3569,3684,6180,-89,139680,104,5516,3691,5507,8453,9216
6980608,116,5616,3670,6162,-70,5374976,105,2356,3487,6633,8453,27776
6980608,116,5616,3670,6162,-88,115360,99,5595,3673,5491,8453,9216
5286400,114,3438,3678,6147,-71,5564928,113,5561,3505,6625,8453,27776
5286400,114,3438,3678,6147,-90,126640,94,4343,3654,5488,8453,9216
5991936,101,4474,3676,6138,-69,5735936,98,6085,3528,6627,8453,27776
6737407,100,4336,3672,6132,-75,3402240,101,6572,3536,6611,8453,27776
6737407,100,4336,3672,6132,-83,350048,100,4813,3604,5483,8453,9216
6433791,103,3722,3668,6132,-82,2768896,102,4191,3521,6589,8453,27776
7328768,111,6500,3676,6130,-91,2899456,100,1580,3530,6574,8453,27776
7328768,111,6500,3676,6130,-86,241151,96,2369,3564,5491,8453,9216
8284160,106,4492,3712,6129,-80,2848768,99,1754,3540,6566,8453,27776
8386560,104,4678,3741,6138,-80,2072191,98,3673,3547,6556,8453,27776
3594880,126,23796,3732,6135,-94,1572991,100,5143,3553,6536,8453,27776
3594880,126,23796,3732,6135,-97,206944,100,5208,3519,5535,8453,9216
8730,107,8309,3728,6136,-86,1020671,114,6837,3543,6489,8453,27776
8730,107,8309,3728,6136,-94,808160,109,19449,3545,5586,8453,9216
5070,116,15874,3738,6173,-85,1082368,101,6616,3526,6472,8453,27776
1222,92,10512,3733,6210,-91,945536,141,22493,3518,6456,8453,27776
6110,125,20150,3728,6289,-86,1051136,191,36542,3511,6444,8453,27776
6110,125,20150,3728,6289,-82,878336,101,9953,3563,5626,8453,9216
2786,106,18719,3741,6348,-75,1156864,143,33295,3491,6429,8453,27776
1932,127,19827,3746,6398,-87,1081472,106,5940,3480,6422,8453,27776
3234,149,14602,3747,6439,-85,1063104,103,6604,3467,6414,8453,27776
3234,149,14602,3747,6439,-86,3330048,94,8834,3576,5648,8453,9216
2188,127,17670,3748,6475,-99,2857728,106,4219,3574,5658,8453,9216
3467,117,21585,3745,6501,-83,1031679,99,4645,3489,6427,8453,27776
2332,111,18753,3741,6548,-86,834688,104,9695,3503,6436,8453,27776
2332,111,18753,3741,6548,-88,224576,96,4438,3541,5658,8453,9216
2111,116,12403,3740,6568,-95,1048960,103,5335,3514,6439,8453,27776
2833,92,11432,3734,6597,-81,1051711,115,14784,3518,6436,8453,27776
1427,91,21173,3735,6627,-85,1054655,105,10374,3509,6427,8453,27776
1427,91,21173,3735,6627,-93,181600,95,4357,3556,5687,8453,9216
2174,160,15932,3733,6644,-86,1146496,97,6920,3496,6425,8453,27776
2174,160,15932,3733,6644,-88,196576,104,4062,3560,5695,8453,9216
3097,107,17326,3730,6652,-83,1245184,111,10561,3484,6414,8453,27776
3097,107,17326,3730,6652,-81,201600,108,4730,3567,5703,8453,9216
1205,184,28609,3724,6622,-86,1178112,100,9524,3480,6419,8453,27776
1205,184,28609,3724,6622,-88,230624,99,5729,3570,5706,8453,9216
2367,160,23894,3716,6589,-84,968640,98,7062,3490,6427,8453,27776
2367,160,23894,3716,6589,-91,1177600,101,5754,3569,5706,8453,9216
486,147,18411,3707,6589,-91,954687,106,3459,3485,6431,8453,27776
486,147,18411,3707,6589,-84,1015488,110,5912,3575,5717,8453,9216
1402,91,11272,3705,6614,-89,1065024,100,1112,3485,6436,8453,27776
1402,91,11272,3705,6614,-75,1001664,101,5604,3586,5727,8453,9216
1733,102,11691,3704,6643,-72,1067648,98,2677,3503,6445,8453,27776
1023,145,15551,3704,6673,-83,1086848,101,8478,3518,6451,8453,27776
1023,145,15551,3704,6673,-99,1591424,95,4313,3611,5740,8453,9216
1817,142,17221,3705,6705,-90,1167616,107,9383,3495,6436,8453,27776
1817,142,17221,3705,6705,-82,1913856,102,2904,3624,5740,8453,9216
3168,123,11070,3703,6730,-96,1158784,102,10925,3480,6452,8453,27776
3168,123,11070,3703,6730,-83,3122176,100,3819,3634,5753,8453,9216
2379,137,13711,3696,6757,-90,1162624,106,8031,3465,6453,8453,27776
625,140,15621,3700,6792,-95,972543,104,6701,3450,6453,8453,27776
625,140,15621,3700,6792,-95,1540607,100,2964,3658,5755,8453,9216
3014,95,13295,3699,6816,-89,890303,97,4351,3451,6460,8453,27776
3014,95,13295,3699,6816,-84,1451904,96,3217,3668,5755,8453,9216
2779,112,13661,3698,6838,-83,996224,104,5379,3486,6485,8453,27776
2779,112,13661,3698,6838,-90,1524224,105,4381,3681,5763,8453,9216
960,102,14904,3699,6856,-88,1227008,108,4512,3497,6496,8453,27776
960,102,14904,3699,6856,-89,1546752,96,2424,3691,5768,8453,9216
1385,141,14277,3695,6878,-88,1108351,95,7232,3508,6504,8453,27776
1385,141,14277,3695,6878,-84,2140416,99,3884,3698,5768,8453,9216
855,89,12508,3693,6886,-84,919743,100,6604,3513,6505,8453,27776
139,120,19746,3695,6897,-93,1024447,117,6402,3539,6510,8453,27776
1532,153,18230,3696,6915,-90,981311,99,4153,3564,6515,8453,27776
1150,119,11589,3696,6935,-92,216320,110,5867,3732,5731,8453,9216
876,84,11654,3694,6949,-80,1021951,103,7307,3613,6541,8453,27776
718,121,11933,3697,6966,-97,982336,107,9865,3629,6528,8453,27776
718,121,11933,3697,6966,-88,1526208,102,6865,3746,5690,8453,9216
2646,153,16313,3700,6991,-94,980799,100,4656,3650,6510,8453,27776
2646,153,16313,3700,6991,-87,3056640,99,3460,3756,5670,8453,9216
1891,90,11889,3700,7016,-82,941631,104,5754,3670,6503,8453,27776
1891,90,11889,3700,7016,-84,3293184,97,3885,3763,5651,8453,9216
952,112,12369,3701,7041,-96,928639,95,4816,3688,6502,8453,27776
952,112,12369,3701,7041,-95,3188992,98,5140,3762,5625,8453,9216
347,94,18219,3700,7060,-99,955775,101,5800,3705,6500,8453,27776
84,98,11358,3699,7080,-94,1079103,103,3924,3722,6503,8453,27776
84,98,11358,3699,7080,-85,1246720,98,3841,3760,5576,8453,9216
51,109,6244,3699,7092,-92,1188736,100,3318,3741,6511,8453,27776
65,118,9650,3703,7120,-88,1268096,98,3140,3747,6489,8453,27776
65,118,9650,3703,7120,-96,586368,107,2007,3748,5539,8453,9216
133,103,12297,3703,7162,-92,1237504,102,4112,3751,6471,8453,27776
133,103,12297,3703,7162,-78,331808,101,2185,3754,5527,8453,9216
1006,119,12586,3691,7211,-93,1101952,106,2357,3747,6460,8453,27776
1006,119,12586,3691,7211,-91,2695936,103,6470,3752,5519,8453,9216
12133,109,15573,3692,7278,-86,1043008,96,3697,3719,6409,8453,27776
12133,109,15573,3692,7278,-78,1856383,102,4886,3742,5517,8453,9216
7939,83,9667,3686,7331,-89,1140480,100,2765,3702,6366,8453,27776
7939,83,9667,3686,7331,-79,2160640,102,3137,3745,5507,8453,9216
362626,104,19157,3681,7325,-83,1143168,106,4195,3688,6323,8453,27776
362626,104,19157,3681,7325,-81,745600,99,3798,3753,5507,8453,9216
565184,105,11329,3642,7291,-80,1103744,109,7208,3691,6298,8453,27776
565184,105,11329,3642,7291,-82,129935,107,4453,3763,5506,8453,9216
420032,116,13021,3619,7209,-87,1164288,98,3528,3701,6284,8453,27776
420032,116,13021,3619,7209,-85,150624,97,7275,3765,5501,8453,9216
634112,92,11167,3595,7123,-83,1152000,103,4423,3715,6279,8453,27776
634112,92,11167,3595,7123,-70,192288,114,4002,3776,5490,8453,9216
1789440,114,12935,3595,7042,-87,1095552,95,3113,3724,6264,8453,27776
5923840,103,10636,3586,6980,-83,1126335,106,9697,3731,6248,8453,27776
5923840,103,10636,3586,6980,-78,154064,88,6616,3789,5451,8453,9216
7280128,85,7192,3592,6928,-74,586048,95,6072,3800,5428,8453,9216
3597696,122,18530,3608,6875,-90,872703,103,4774,3732,6204,8453,27776
3597696,122,18530,3608,6875,-90,293568,110,4873,3808,5410,8453,9216
46215,106,16737,3581,6816,-88,822848,106,6709,3729,6189,8453,27776
46202,119,11962,3576,6781,-92,189120,104,3030,3809,5381,8453,9216
8693,99,11238,3588,6786,-84,707584,98,4657,3746,6178,8453,27776
8693,99,11238,3588,6786,-89,213824,104,2522,3815,5369,8453,9216
1911,101,12029,3597,6793,-96,657472,103,5358,3739,6166,8453,27776
1911,101,12029,3597,6793,-83,157088,101,4260,3817,5351,8453,9216
3030,120,10906,3603,6842,-87,825216,101,1553,3733,6158,8453,27776
3030,120,10906,3603,6842,-86,163232,101,4511,3823,5331,8453,9216
3310,99,9651,3604,6909,-94,821247,105,7214,3739,6163,8453,27776
3310,99,9651,3604,6909,-96,170368,111,3796,3831,5307,8453,9216
1582,99,7643,3610,6961,-96,667072,97,6021,3756,6167,8453,27776
1315,97,12705,3609,7019,-88,561663,124,4358,3747,6164,8453,27776
305,109,9629,3598,7128,-91,1351935,110,7751,3824,5225,8453,9216
207,107,9311,3591,7147,-84,407871,112,18365,3710,6111,8453,27776
207,107,9311,3591,7147,-91,289712,101,3484,3827,5210,8453,9216
122,102,7657,3586,7147,-95,88960,105,4686,3818,5197,8453,9216
66,102,5687,3581,7142,-96,573056,92,8973,3677,6082,8453,27776
44,99,12470,3580,7143,-95,471296,103,5312,3690,6093,8453,27776
44,99,12470,3580,7143,-93,95664,108,4723,3840,5213,8453,9216
76,101,11021,3580,7129,-93,427776,105,8209,3688,6108,8453,27776
68,107,11446,3581,7124,-85,420096,98,5265,3686,6113,8453,27776
110,91,7334,3584,7098,-93,535615,103,6594,3661,6092,8453,27776
110,91,7334,3584,7098,-93,44740,94,4523,3837,5208,8453,9216
110,97,16073,3582,7126,-89,559168,101,10551,3652,6087,8453,27776
110,97,16073,3582,7126,-83,14088,107,4695,3842,5200,8453,9216
108,95,9277,3574,7144,-90,498560,101,11405,3661,6080,8453,27776
2142,97,17450,3574,7151,-86,426880,155,27422,3661,6082,8453,27776
2142,97,17450,3574,7151,-88,9179,93,7000,3850,5186,8453,9216
2858,108,9522,3559,7161,-84,716416,122,14730,3658,6085,8453,27776
2858,108,9522,3559,7161,-73,7196,106,6592,3847,5171,8453,9216
784,108,12668,3552,7132,-82,626240,99,12617,3668,6107,8453,27776
867,112,12578,3538,7084,-91,5616,99,5562,3847,5152,8453,9216
420,105,13693,3520,7026,-91,513088,135,6508,3662,6142,8453,27776
3619,94,22626,3513,6987,-87,605632,107,11524,3655,6146,8453,27776
3619,94,22626,3513,6987,-88,7201,99,3886,3861,5137,8453,9216
5548,93,11143,3507,6953,-82,785216,102,12708,3651,6159,8453,27776
5548,93,11143,3507,6953,-88,6565,96,4426,3866,5129,8453,9216
2150,103,10170,3504,6913,-93,435328,102,16272,3645,6157,8453,27776
2150,103,10170,3504,6913,-86,5837,100,5657,3869,5119,8453,9216
10658,103,10395,3500,6850,-80,371840,98,10237,3630,6166,8453,27776
10658,103,10395,3500,6850,-76,5263,95,4784,3872,5107,8453,9216
2901,89,10091,3498,6825,-78,332352,124,12793,3639,6181,8453,27776
2901,89,10091,3498,6825,-90,6017,118,6153,3873,5102,8453,9216
2894,95,8728,3489,6792,-88,5547,107,4115,3877,5099,8453,9216
1967,104,14877,3480,6770,-82,431295,101,6715,3636,6186,8453,27776
3211,106,14666,3478,6751,-88,521856,108,18755,3623,6185,8453,27776
3211,106,14666,3478,6751,-89,5918,105,4225,3885,5095,8453,9216
3213,111,8824,3477,6736,-90,352960,95,5715,3610,6183,8453,27776
3213,111,8824,3477,6736,-93,6908,103,3493,3888,5095,8453,9216
2889,101,11241,3472,6718,-82,290304,96,8352,3608,6183,8453,27776
2688,104,9937,3464,6711,-84,169344,98,6629,3605,6190,8453,27776
2688,104,9937,3464,6711,-85,7558,102,5029,3896,5101,8453,9216
2554,118,10873,3460,6698,-95,57832,107,2837,3603,6193,8453,27776
2554,118,10873,3460,6698,-77,4852,107,6402,3902,5106,8453,9216
1630,123,20144,3448,6685,-78,64904,102,6507,3599,6200,8453,27776
1630,123,20144,3448,6685,-88,4580,103,4911,3905,5102,8453,9216
851,110,9924,3439,6671,-78,253984,99,4937,3591,6202,8453,27776
1102,127,9059,3430,6671,-73,294464,97,12307,3588,6206,8453,27776
1102,127,9059,3430,6671,-92,6434,103,6477,3910,5087,8453,9216
787,100,8097,3425,6668,-86,199679,92,13726,3587,6214,8453,27776
787,100,8097,3425,6668,-86,6888,99,5141,3912,5080,8453,9216
1017,102,6350,3426,6685,-76,222912,104,6242,3583,6229,8453,27776
1017,102,6350,3426,6685,-90,7025,97,3735,3915,5073,8453,9216
518,102,7121,3427,6695,-79,201312,97,9141,3585,6244,8453,27776
518,102,7121,3427,6695,-86,6140,97,3407,3918,5062,8453,9216
413,105,5872,3425,6712,-84,171967,110,6550,3585,6254,8453,27776
413,105,5872,3425,6712,-84,4384,88,6687,3922,5054,8453,9216
582,97,12961,3421,6719,-74,81424,99,17583,3576,6263,8453,27776
582,97,12961,3421,6719,-75,3069,90,5742,3924,5045,8453,9216
655,92,11130,3421,6746,-76,73440,105,11497,3568,6270,8453,27776
655,92,11130,3421,6746,-77,5632,107,6483,3925,5035,8453,9216
792,114,6757,3417,6773,-80,145376,111,14455,3569,6283,8453,27776
792,114,6757,3417,6773,-77,1056,103,5578,3924,5028,8453,9216
784,105,10999,3410,6796,-79,70104,108,16131,3569,6308,8453,27776
784,105,10999,3410,6796,-72,529,96,3264,3922,5018,8453,9216
808,107,13039,3406,6801,-80,384,127,8843,3914,5008,8453,9216
1329,104,11744,3405,6815,-70,31972,94,16195,3568,6328,8453,27776
1329,104,11744,3405,6815,-70,355,96,9225,3917,5000,8453,9216
1510,96,8333,3407,6833,-81,125359,101,11529,3567,6337,8453,27776
1237,99,13596,3416,6822,-71,105872,117,4611,3565,6344,8453,27776
1237,99,13596,3416,6822,-74,248,104,2441,3917,4993,8453,9216
828,103,16363,3403,6857,-70,74576,107,5100,3561,6345,8453,27776
828,103,16363,3403,6857,-85,260,96,3322,3914,4989,8453,9216
471,103,12901,3388,6870,-67,53864,103,5111,3556,6351,8453,27776
471,103,12901,3388,6870,-90,294,96,4608,3913,4989,8453,9216
707,96,10715,3378,6867,-75,47120,97,9830,3551,6354,8453,27776
707,96,10715,3378,6867,-78,356,100,3455,3909,4989,8453,9216
515,94,12734,3370,6858,-90,34828,97,3858,3550,6361,8453,27776
515,94,12734,3370,6858,-85,451,105,3568,3907,4989,8453,9216
533,128,19091,3356,6856,-76,29639,120,11909,3551,6368,8453,27776
533,128,19091,3356,6856,-74,942,98,5334,3900,4986,8453,9216
421,114,6793,3352,6848,-84,24504,96,15008,3548,6375,8453,27776
421,114,6793,3352,6848,-81,816,99,2087,3889,4983,8453,9216
431,96,6596,3345,6841,-72,18132,117,8634,3546,6386,8453,27776
431,96,6596,3345,6841,-89,271,106,3442,3881,4976,8453,9216
180,98,8696,3353,6850,-79,225,97,5573,3868,4968,8453,9216
44,110,5375,3365,6882,-99,4788,92,8231,3539,6410,8453,27776
44,110,5375,3365,6882,-97,819,101,4886,3868,4963,8453,9216
16,110,7904,3372,6936,-87,4206,103,4946,3531,6419,8453,27776
16,110,7904,3372,6936,-81,824,97,6507,3859,4963,8453,9216
1739,103,13610,3369,7003,-80,1918,94,9437,3524,6420,8453,27776
1739,103,13610,3369,7003,-73,512,103,2623,3855,4963,8453,9216
2451,84,9934,3365,7039,-86,4071,118,14697,3517,6427,8453,27776
2451,84,9934,3365,7039,-70,275,106,4048,3856,4971,8453,9216
1968,133,15553,3363,7052,-80,3148,107,11428,3505,6429,8453,27776
1968,133,15553,3363,7052,-62,309,104,3690,3857,4974,8453,9216
1816,134,15074,3364,7063,-89,848,109,4526,3485,6427,8453,27776
1816,134,15074,3364,7063,-76,614,102,2770,3861,4974,8453,9216
1748,90,8770,3361,7073,-75,657,101,3076,3864,4963,8453,9216
2499,110,14139,3357,7078,-82,387,104,3419,3867,4963,8453,9216
4976,96,12526,3344,7062,-86,1688,106,6616,3472,6442,8453,27776
4976,96,12526,3344,7062,-75,400,102,2584,3869,4963,8453,9216
5891,124,12884,3340,7048,-76,249,104,2617,3874,4963,8453,9216
4461,124,15264,3330,7035,-90,539,100,2859,3876,4965,8453,9216
2094,95,9957,3331,7018,-83,438,102,3321,3879,4966,8453,9216
1324,90,10032,3340,7023,-75,1716,100,7417,3461,6463,8453,27776
1324,90,10032,3340,7023,-79,347,101,2594,3875,4963,8453,9216
1555,114,10895,3334,7030,-88,1518,111,5029,3458,6465,8453,27776
1555,114,10895,3334,7030,-71,421,104,2113,3876,4964,8453,9216
2476,105,14826,3321,7020,-85,630,102,3183,3872,4963,8453,9216
2129,97,9706,3316,7026,-76,1443,108,8396,3462,6474,8453,27776
2129,97,9706,3316,7026,-86,1460,100,5134,3857,4963,8453,9216
2829,95,9689,3314,7020,-74,1211,107,5781,3464,6484,8453,27776
2829,95,9689,3314,7020,-76,812,102,4424,3853,4963,8453,9216
2491,108,6337,3317,7018,-78,1258,92,4815,3468,6497,8453,27776
2491,108,6337,3317,7018,-82,536,101,3810,3849,4965,8453,9216
1796,104,10919,3310,7003,-83,1350,103,9224,3468,6512,8453,27776
1796,104,10919,3310,7003,-77,816,95,5558,3842,4971,8453,9216
1684,104,10659,3297,6996,-86,873,122,8996,3467,6517,8453,27776
1684,104,10659,3297,6996,-78,735,103,5119,3841,4971,8453,9216
1475,103,9239,3291,6984,-84,867,98,1992,3469,6524,8453,27776
1475,103,9239,3291,6984,-86,1002,97,3576,3837,4981,8453,9216
1797,151,17191,3295,6986,-92,783,102,11440,3471,6533,8453,27776
1906,106,6236,3291,6986,-81,1178,120,6818,3470,6538,8453,27776
1906,106,6236,3291,6986,-85,738,104,5651,3817,4989,8453,9216
1756,102,6596,3287,6974,-94,1059,98,6326,3465,6558,8453,27776
1756,102,6596,3287,6974,-82,691,102,3571,3815,4995,8453,9216
2008,108,15058,3284,6973,-77,1486,98,8936,3465,6568,8453,27776
1926,94,9590,3284,6975,-77,1920,101,8423,3468,6577,8453,27776
1926,94,9590,3284,6975,-84,1068,102,7115,3809,5013,8453,9216
1549,98,2971,3275,6983,-78,2034,107,6262,3465,6580,8453,27776
1549,98,2971,3275,6983,-75,801,100,5056,3809,5023,8453,9216
2295,92,3919,3264,6980,-68,2094,99,3142,3457,6587,8453,27776
2295,92,3919,3264,6980,-65,810,103,5221,3812,5030,8453,9216
2387,91,9742,3267,6983,-71,1845,105,8965,3457,6590,8453,27776
2387,91,9742,3267,6983,-80,760,104,3425,3813,5038,8453,9216
1370,94,7713,3275,6982,-74,1803,99,2383,3460,6590,8453,27776
1154,96,3556,3268,7004,-71,1671,97,5479,3457,6607,8453,27776
1154,96,3556,3268,7004,-81,714,107,5170,3816,5048,8453,9216
1306,105,7486,3263,7012,-78,1606,108,6818,3456,6617,8453,27776
1306,105,7486,3263,7012,-76,880,102,5138,3817,5048,8453,9216
2032,109,14073,3251,7010,-84,1631,88,5154,3449,6620,8453,27776
2032,109,14073,3251,7010,-80,932,96,3975,3819,5051,8453,9216
3126,108,9040,3252,7025,-74,985,102,2341,3820,5060,8453,9216
1119,113,24867,3252,7028,-82,2347,93,6118,3447,6630,8453,27776
1119,113,24867,3252,7028,-80,1252,106,4150,3820,5060,8453,9216
26,98,14886,3243,7028,-80,3035,87,8151,3446,6630,8453,27776
26,98,14886,3243,7028,-88,1252,101,6049,3812,5058,8453,9216
0,91,12504,3252,7046,-91,3289,118,10540,3442,6627,8453,27776
0,91,12504,3252,7046,-74,1425,102,4045,3817,5058,8453,9216
0,99,16331,3260,7119,-82,3579,113,7678,3440,6627,8453,27776
0,99,16331,3260,7119,-71,1211,86,5500,3812,5058,8453,9216
0,113,16730,3264,7198,-78,3626,90,8373,3435,6627,8453,27776
0,113,16730,3264,7198,-82,1140,119,12934,3817,5058,8453,9216
0,105,10744,3269,7273,-73,4599,117,7349,3430,6636,8453,27776
0,105,10744,3269,7273,-89,1139,106,5041,3810,5060,8453,9216
0,97,15520,3271,7345,-75,3165,108,5329,3430,6636,8453,27776
0,97,15520,3271,7345,-83,1161,107,4723,3814,5068,8453,9216
0,134,16512,3276,7408,-66,6311,100,6959,3426,6646,8453,27776
0,134,16512,3276,7408,-64,1175,108,3744,3816,5068,8453,9216
0,158,8060,3280,7467,-68,6022,94,6108,3418,6646,8453,27776
0,158,8060,3280,7467,-88,1409,99,2294,3815,5078,8453,9216
0,111,13777,3284,7516,-70,5604,106,8060,3413,6650,8453,27776
0,111,13777,3284,7516,-65,1144,99,3746,3815,5080,8453,9216
0,99,11201,3286,7561,-68,5404,109,7612,3401,6652,8453,27776
0,99,11201,3286,7561,-70,1174,101,2373,3816,5087,8453,9216
0,123,14110,3290,7597,-76,4198,105,11426,3398,6660,8453,27776
0,125,14925,3293,7637,-74,5307,98,9167,3397,6669,8453,27776
0,125,14925,3293,7637,-78,1675,105,1675,3817,5102,8453,9216
0,129,16400,3295,7676,-90,7152,107,6322,3391,6677,8453,27776
0,129,16400,3295,7676,-73,1290,101,4197,3818,5107,8453,9216
172,92,11253,3305,7720,-75,12598,115,12672,3379,6679,8453,27776
172,92,11253,3305,7720,-63,816,99,3780,3812,5109,8453,9216
4522,90,9215,3284,7769,-77,27676,87,16269,3364,6688,8453,27776
4522,90,9215,3284,7769,-81,752,107,4322,3813,5107,8453,9216
2387,110,25062,3283,7749,-83,1214,102,6279,3804,5107,8453,9216
2449,110,6591,3291,7716,-78,20300,106,7480,3350,6717,8453,27776
2449,110,6591,3291,7716,-86,1053,98,4445,3799,5117,8453,9216
789,98,7427,3291,7713,-84,29112,99,11046,3345,6726,8453,27776
789,98,7427,3291,7713,-83,1379,96,3130,3795,5117,8453,9216
719,85,3779,3293,7723,-77,33008,97,12484,3340,6739,8453,27776
719,85,3779,3293,7723,-82,16131,112,3302,3795,5117,8453,9216
1302,107,7007,3301,7738,-85,21912,120,14666,3335,6754,8453,27776
1302,107,7007,3301,7738,-78,9664,98,2986,3793,5127,8453,9216
5883,102,3595,3320,7778,-83,26728,98,9526,3328,6768,8453,27776
5883,102,3595,3320,7778,-80,19140,98,3109,3793,5126,8453,9216
6019,98,5184,3316,7802,-82,26915,99,6700,3316,6777,8453,27776
6019,98,5184,3316,7802,-91,18034,108,2746,3794,5127,8453,9216
5955,89,3996,3318,7834,-91,28155,113,6596,3314,6794,8453,27776
5955,89,3996,3318,7834,-97,18604,96,3194,3795,5127,8453,9216
6639,89,7525,3318,7853,-79,38296,108,11466,3318,6809,8453,27776
6639,89,7525,3318,7853,-84,18592,106,4471,3796,5127,8453,9216
6190,110,7437,3316,7869,-85,75264,98,11083,3321,6824,8453,27776
6190,110,7437,3316,7869,-81,21068,105,3045,3796,5127,8453,9216
5515,114,4811,3318,7863,-84,21140,97,2111,3795,5127,8453,9216
6198,99,999,3320,7839,-88,89096,104,15739,3310,6851,8453,27776
6198,99,999,3320,7839,-87,23448,108,2132,3795,5127,8453,9216
6376,96,618,3330,7810,-89,23939,99,2972,3794,5127,8453,9216
6647,95,485,3335,7798,-87,88992,113,13972,3308,6875,8453,27776
6647,95,485,3335,7798,-88,28071,101,2348,3794,5127,8453,9216
6544,103,2561,3343,7778,-95,70064,106,7368,3305,6885,8453,27776
7536,83,7080,3346,7791,-74,27132,96,4413,3793,5127,8453,9216
7009,92,4013,3370,7825,-92,104336,96,5876,3312,6909,8453,27776
7009,92,4013,3370,7825,-76,27567,99,969,3794,5132,8453,9216
7116,98,3630,3354,7831,-84,30439,105,3684,3795,5137,8453,9216
6038,92,7808,3356,7824,-92,318848,81,19673,3320,6937,8453,27776
6038,92,7808,3356,7824,-84,34420,95,3559,3796,5137,8453,9216
4237,102,4041,3353,7822,-86,374143,101,7822,3313,6937,8453,27776
4237,102,4041,3353,7822,-86,37288,101,1928,3799,5142,8453,9216
11374,101,16478,3354,7809,-96,453440,110,7213,3318,6953,8453,27776
7673,81,22994,3350,7774,-81,370624,126,8593,3322,6957,8453,27776
7673,81,22994,3350,7774,-91,13472,112,2884,3799,5147,8453,9216
15432,130,16590,3348,7732,-77,378752,114,11458,3325,6964,8453,27776
15432,130,16590,3348,7732,-84,15966,96,4036,3798,5156,8453,9216
12558,93,10191,3347,7704,-92,382016,99,10638,3329,6970,8453,27776
12558,93,10191,3347,7704,-76,20002,97,2959,3799,5156,8453,9216
10534,100,8895,3349,7669,-81,305216,113,9195,3332,6974,8453,27776
10534,100,8895,3349,7669,-81,22892,108,2267,3798,5156,8453,9216
9364,106,10049,3350,7656,-88,297216,84,14127,3339,6979,8453,27776
9364,106,10049,3350,7656,-72,19752,100,3385,3799,5156,8453,9216
5230,97,5967,3353,7659,-82,272832,94,12206,3337,6979,8453,27776
5230,97,5967,3353,7659,-80,20792,108,4022,3800,5156,8453,9216
5745,99,7251,3363,7686,-85,268640,84,9593,3337,6976,8453,27776
5745,99,7251,3363,7686,-72,25696,105,4743,3798,5156,8453,9216
6688,108,6844,3362,7713,-85,325760,114,14150,3338,6970,8453,27776
6688,108,6844,3362,7713,-76,27984,98,3810,3798,5156,8453,9216
19306,102,16600,3355,7760,-79,25012,105,2303,3798,5156,8453,9216
33396,104,7047,3349,7763,-70,26519,104,1444,3798,5158,8453,9216
32600,103,11476,3346,7756,-80,285376,97,5191,3346,6960,8453,27776
32600,103,11476,3346,7756,-70,31132,93,1659,3797,5167,8453,9216
26416,95,3003,3342,7727,-77,270048,101,8215,3346,6960,8453,27776
25036,108,11392,3343,7675,-93,257631,106,4213,3344,6957,8453,27776
18040,96,3359,3345,7647,-83,256767,106,10327,3334,6947,8453,27776
18040,96,3359,3345,7647,-69,32476,106,5324,3779,5154,8453,9216
15655,93,1879,3341,7637,-90,197792,108,6234,3323,6937,8453,27776
15655,93,1879,3341,7637,-89,42448,97,5131,3776,5146,8453,9216
16902,93,2640,3334,7611,-87,123232,120,9823,3327,6940,8453,27776
16902,93,2640,3334,7611,-77,64784,100,2354,3774,5144,8453,9216
21760,94,3537,3332,7567,-91,83791,109,2685,3763,5135,8453,9216
23552,93,3018,3333,7516,-86,100896,97,3911,3761,5133,8453,9216
24548,98,3340,3330,7489,-76,111280,102,4353,3761,5132,8453,9216
25059,123,9778,3323,7442,-87,72672,104,7400,3332,6931,8453,27776
25059,123,9778,3323,7442,-87,75480,103,4343,3762,5142,8453,9216
24836,98,18942,3321,7421,-76,213440,95,5945,3765,5144,8453,9216
33012,110,6605,3321,7403,-91,71136,110,15075,3328,6921,8453,27776
33012,110,6605,3321,7403,-76,114639,106,4146,3765,5151,8453,9216
45128,100,13486,3320,7384,-92,102576,101,10280,3321,6928,8453,27776
45128,100,13486,3320,7384,-82,81296,108,3813,3760,5150,8453,9216
29192,94,6173,3321,7369,-96,93104,112,24195,3322,6929,8453,27776
29192,94,6173,3321,7369,-72,61799,94,4609,3750,5148,8453,9216
35108,102,10014,3320,7357,-77,52551,106,3785,3751,5142,8453,9216
26840,106,12058,3324,7344,-87,52976,95,4983,3749,5146,8453,9216
29044,108,7962,3322,7347,-77,59224,101,4447,3745,5144,8453,9216
32887,111,12406,3323,7349,-72,59071,104,4874,3753,5146,8453,9216
67736,118,13840,3322,7342,-88,205663,98,12727,3310,6917,8453,27776
67736,118,13840,3322,7342,-77,52464,112,7361,3757,5142,8453,9216
46887,97,4806,3336,7362,-93,321792,105,13012,3310,6917,8453,27776
46887,97,4806,3336,7362,-72,49944,96,6649,3757,5142,8453,9216
38052,98,4961,3339,7377,-68,37207,102,6098,3758,5142,8453,9216
53096,95,11382,3347,7427,-88,108736,91,14952,3314,6917,8453,27776
53096,95,11382,3347,7427,-74,31388,115,5113,3758,5134,8453,9216
61424,138,20227,3340,7441,-90,152528,120,10530,3310,6927,8453,27776
61424,138,20227,3340,7441,-89,23775,95,4118,3763,5132,8453,9216
169104,116,11937,3339,7474,-90,201632,97,6653,3310,6927,8453,27776
169104,116,11937,3339,7474,-80,27866,107,6813,3765,5125,8453,9216
130511,109,7138,3338,7496,-90,345728,96,12088,3309,6927,8453,27776
130511,109,7138,3338,7496,-81,43992,107,5713,3760,5122,8453,9216
133679,88,7498,3335,7496,-85,323008,114,9280,3316,6927,8453,27776
133679,88,7498,3335,7496,-82,30959,101,5564,3760,5122,8453,9216
115584,104,4309,3340,7494,-86,30872,101,5622,3759,5122,8453,9216
106416,98,6760,3331,7513,-89,182080,111,8131,3317,6927,8453,27776
106416,98,6760,3331,7513,-85,31408,95,6556,3756,5122,8453,9216
208064,115,9660,3330,7508,-83,25075,111,6330,3754,5122,8453,9216
317200,108,7506,3326,7484,-94,202336,103,15783,3320,6929,8453,27776
317200,108,7506,3326,7484,-80,20944,107,5850,3753,5129,8453,9216
126480,99,8852,3329,7455,-67,18116,107,3817,3752,5132,8453,9216
129392,87,17537,3324,7481,-80,182016,108,6649,3324,6929,8453,27776
170544,90,14394,3317,7466,-82,227840,99,17033,3326,6931,8453,27776
111552,113,7902,3317,7434,-78,30815,98,10437,3748,5144,8453,9216
148336,112,9526,3313,7409,-85,284192,99,10974,3316,6917,8453,27776
148336,112,9526,3313,7409,-84,21020,106,4617,3745,5151,8453,9216
212383,92,8329,3310,7378,-80,170176,106,8891,3319,6917,8453,27776
212383,92,8329,3310,7378,-78,32388,101,3147,3743,5161,8453,9216
103680,105,17284,3314,7344,-83,183968,111,11616,3321,6909,8453,27776
103680,105,17284,3314,7344,-78,30439,105,3554,3744,5161,8453,9216
61368,119,16449,3314,7295,-76,187904,103,9757,3326,6910,8453,27776
61368,119,16449,3314,7295,-84,39376,102,6289,3745,5166,8453,9216
15624,93,10217,3315,7279,-74,185280,107,11437,3327,6911,8453,27776
15624,93,10217,3315,7279,-82,53496,105,2447,3745,5172,8453,9216
82656,101,12341,3310,7287,-81,143872,101,11585,3331,6908,8453,27776
82656,101,12341,3310,7287,-76,63560,102,2830,3746,5172,8453,9216
166464,107,9250,3303,7287,-80,161216,101,10068,3331,6901,8453,27776
166464,107,9250,3303,7287,-81,59535,101,2894,3748,5172,8453,9216
146304,108,14292,3303,7280,-87,250143,101,11080,3333,6901,8453,27776
146304,108,14292,3303,7280,-77,45160,99,3218,3747,5172,8453,9216
234080,83,8944,3304,7267,-83,572607,83,11022,3329,6896,8453,27776
234080,83,8944,3304,7267,-84,48000,103,3994,3748,5172,8453,9216
215455,88,6711,3306,7260,-82,575935,102,8818,3327,6891,8453,27776
215455,88,6711,3306,7260,-89,51448,107,3289,3745,5172,8453,9216
211775,99,5628,3309,7257,-86,600640,102,4497,3323,6888,8453,27776
211775,99,5628,3309,7257,-77,51376,110,5771,3745,5172,8453,9216
221952,98,21331,3313,7237,-83,539135,104,10070,3321,6888,8453,27776
221952,98,21331,3313,7237,-78,49168,101,3965,3743,5176,8453,9216
87319,109,16350,3316,7237,-82,499712,99,11046,3321,6888,8453,27776
87319,109,16350,3316,7237,-86,44456,103,4368,3738,5172,8453,9216
107960,108,10989,3338,7237,-82,625920,108,8964,3323,6889,8453,27776
107960,108,10989,3338,7237,-77,48488,104,3187,3735,5174,8453,9216
70432,96,12219,3332,7259,-86,591872,98,8907,3312,6888,8453,27776
70432,96,12219,3332,7259,-77,40472,97,3343,3735,5174,8453,9216
73616,106,9686,3321,7281,-77,21662,103,4555,3729,5179,8453,9216
91048,103,9563,3320,7285,-73,352832,130,11979,3304,6893,8453,27776
91048,103,9563,3320,7285,-67,15686,105,5064,3721,5178,8453,9216
417728,96,9376,3316,7306,-74,531520,122,14621,3305,6900,8453,27776
417728,96,9376,3316,7306,-64,17266,109,2995,3715,5193,8453,9216
178304,103,8608,3307,7301,-78,551360,116,16428,3307,6912,8453,27776
178304,103,8608,3307,7301,-72,22868,97,3770,3702,5204,8453,9216
134072,107,12215,3304,7282,-76,422080,119,14628,3308,6919,8453,27776
134072,107,12215,3304,7282,-64,30364,107,6492,3706,5218,8453,9216
108032,103,8824,3301,7255,-70,510016,102,5094,3313,6924,8453,27776
108032,103,8824,3301,7255,-74,32676,99,2651,3702,5227,8453,9216
142352,97,19033,3298,7238,-78,480320,102,4374,3313,6934,8453,27776
142352,97,19033,3298,7238,-76,42872,108,4782,3700,5235,8453,9216
124144,107,11780,3297,7211,-76,605504,99,7986,3320,6947,8453,27776
124144,107,11780,3297,7211,-70,67575,98,1593,3707,5245,8453,9216
294800,98,10550,3291,7207,-68,672256,110,8212,3324,6953,8453,27776
294800,98,10550,3291,7207,-74,63608,111,3011,3707,5254,8453,9216
767360,99,11533,3283,7193,-77,535296,109,13006,3328,6970,8453,27776
767360,99,11533,3283,7193,-77,57232,98,2917,3703,5262,8453,9216
298240,115,15235,3286,7172,-79,676608,111,10134,3322,6975,8453,27776
298240,115,15235,3286,7172,-70,50568,95,2561,3699,5275,8453,9216
325312,95,1626,3293,7167,-79,772800,100,3315,3318,6976,8453,27776
325312,95,1626,3293,7167,-73,47984,113,3794,3694,5291,8453,9216
299136,95,1059,3302,7159,-78,739904,98,1599,3319,6976,8453,27776
299136,95,1059,3302,7159,-80,43496,100,3170,3687,5307,8453,9216
298752,95,3021,3306,7159,-75,589696,100,2300,3318,6976,8453,27776
298752,95,3021,3306,7159,-79,46120,110,5491,3686,5321,8453,9216
287232,117,10259,3313,7157,-84,570624,100,4209,3318,6976,8453,27776
287232,117,10259,3313,7157,-70,45096,104,6386,3680,5330,8453,9216
216320,97,10382,3318,7156,-70,569536,103,3852,3314,6976,8453,27776
216320,97,10382,3318,7156,-86,36752,105,4145,3685,5348,8453,9216
217408,112,15909,3314,7160,-76,561088,119,11232,3309,6986,8453,27776
217408,112,15909,3314,7160,-91,31547,105,7105,3677,5361,8453,9216
204560,157,24195,3309,7152,-69,779584,126,18573,3305,7003,8453,27776
204560,157,24195,3309,7152,-79,24020,102,6051,3686,5382,8453,9216
107280,100,18815,3304,7142,-86,318432,112,24373,3306,7020,8453,27776
91184,93,7508,3295,7137,-82,409088,102,13515,3304,7054,8453,27776
91184,93,7508,3295,7137,-90,41599,102,3749,3690,5413,8453,9216
170111,93,10495,3289,7129,-72,249472,113,7559,3311,7069,8453,27776
465536,95,7954,3285,7135,-84,247071,101,1478,3313,7081,8453,27776
465536,95,7954,3285,7135,-92,87424,105,3981,3692,5427,8453,9216
682112,108,6784,3282,7136,-79,321568,100,3615,3315,7091,8453,27776
607680,83,7069,3278,7141,-82,446016,101,5767,3315,7098,8453,27776
607680,83,7069,3278,7141,-91,76896,97,4586,3698,5433,8453,9216
224640,94,5391,3280,7144,-71,502080,105,5327,3314,7103,8453,27776
224640,94,5391,3280,7144,-95,67904,110,7079,3700,5443,8453,9216
175776,108,16708,3278,7149,-61,479360,106,1998,3309,7113,8453,27776
105744,107,7621,3278,7130,-62,438591,114,7478,3307,7105,8453,27776
105744,107,7621,3278,7130,-86,16281,102,6266,3706,5443,8453,9216
117376,117,7620,3277,7144,-70,446976,92,7205,3307,7115,8453,27776
117376,117,7620,3277,7144,-86,5843,111,4478,3704,5443,8453,9216
38896,100,12420,3280,7161,-90,387136,114,2709,3303,7128,8453,27776
38896,100,12420,3280,7161,-86,5000,97,4865,3706,5443,8453,9216
41016,93,5064,3302,7192,-88,333056,106,4120,3292,7130,8453,27776
18114,112,6759,3312,7218,-80,307456,99,5156,3283,7122,8453,27776
14392,102,4608,3314,7232,-94,237247,102,2818,3276,7125,8453,27776
21172,112,5926,3320,7259,-91,188448,114,7280,3273,7112,8453,27776
16600,96,3486,3328,7281,-89,186528,109,10384,3272,7117,8453,27776
18963,109,4156,3333,7300,-91,155648,101,5959,3274,7132,8453,27776
18963,109,4156,3333,7300,-92,1558,98,4218,3651,5102,8453,9216
10994,110,3619,3330,7293,-82,144144,101,5274,3275,7154,8453,27776
10994,110,3619,3330,7293,-92,3163,103,3408,3641,5028,8453,9216
7511,100,4595,3332,7288,-82,144640,107,16093,3277,7159,8453,27776
7511,100,4595,3332,7288,-95,1623,100,2276,3633,4964,8453,9216
4268,92,3353,3334,7290,-95,232576,109,10462,3274,7178,8453,27776
4268,92,3353,3334,7290,-91,3740,104,2633,3630,4905,8453,9216
1517,97,2768,3337,7271,-82,291712,87,11901,3271,7190,8453,27776
1517,97,2768,3337,7271,-97,2370,100,3006,3621,4849,8453,9216
991,97,5326,3332,7264,-88,301216,109,13067,3272,7198,8453,27776
955,95,3195,3334,7264,-88,265280,90,7057,3278,7208,8453,27776
955,95,3195,3334,7264,-89,2993,95,4733,3598,4749,8453,9216
497,101,3255,3334,7256,-92,341504,98,16302,3279,7203,8453,27776
497,101,3255,3334,7256,-80,2274,103,3481,3598,4701,8453,9216
446,97,5651,3322,7265,-91,337664,102,10649,3278,7193,8453,27776
446,97,5651,3322,7265,-89,1615,104,3501,3596,4660,8453,9216
315,94,6852,3307,7230,-82,1997,105,5888,3594,4613,8453,9216
301,97,4048,3299,7172,-87,1708,106,4307,3587,4571,8453,9216
285,104,2767,3296,7088,-85,1804,100,4557,3573,4530,8453,9216
287,102,4022,3286,7001,-93,1977,101,3226,3577,4492,8453,9216
229,98,6826,3283,6916,-88,203456,101,12548,3274,7178,8453,27776
15459,123,25644,3284,6852,-80,395648,109,18296,3276,7183,8453,27776
29976,112,14054,3252,6772,-83,170656,93,6202,3278,7188,8453,27776
29976,112,14054,3252,6772,-84,2311,104,5775,3566,4394,8453,9216
31064,105,14543,3221,6683,-85,49200,99,8668,3281,7183,8453,27776
31064,105,14543,3221,6683,-66,2061,109,5410,3559,4367,8453,9216
23208,91,16312,3200,6609,-76,41480,88,12610,3279,7188,8453,27776
23208,91,16312,3200,6609,-78,2454,104,7997,3557,4342,8453,9216
17836,105,7886,3190,6537,-71,22632,110,12596,3278,7190,8453,27776
17836,105,7886,3190,6537,-82,2670,108,7760,3546,4315,8453,9216
25460,100,12787,3162,6466,-74,16900,97,7410,3259,7203,8453,27776
25460,100,12787,3162,6466,-89,3436,107,1559,3554,4295,8453,9216
32023,109,8461,3146,6407,-76,21932,139,15421,3235,7177,8453,27776
32023,109,8461,3146,6407,-74,3848,101,425,3555,4275,8453,9216
32912,96,10283,3134,6354,-92,17288,105,8262,3226,7124,8453,27776
32912,96,10283,3134,6354,-70,3808,101,264,3558,4258,8453,9216
20497,102,7396,3124,6306,-90,38760,104,14785,3194,7067,8453,27776
20497,102,7396,3124,6306,-85,3792,102,174,3558,4241,8453,9216
1561,95,5185,3121,6259,-88,3768,101,151,3557,4224,8453,9216
1625,94,8249,3128,6243,-85,56992,113,18119,3171,6944,8453,27776
1625,94,8249,3128,6243,-95,3768,101,133,3557,4205,8453,9216
2311,91,8473,3118,6208,-83,23484,105,7574,3154,6881,8453,27776
2311,91,8473,3118,6208,-88,3768,101,89,3555,4190,8453,9216
1928,95,3785,3123,6179,-87,3752,101,79,3553,4170,8453,9216
1957,94,1909,3117,6149,-89,3752,101,80,3550,4155,8453,9216
1712,94,1328,3128,6122,-82,16595,93,8322,3101,6742,8453,27776
1659,101,3277,3126,6095,-82,18068,103,5684,3088,6708,8453,27776
1659,101,3277,3126,6095,-82,3364,101,100,3531,4121,8453,9216
1109,119,13421,3137,6070,-78,15140,115,6910,3076,6680,8453,27776
1109,119,13421,3137,6070,-82,2753,101,77,3529,4111,8453,9216
8757,102,6870,3138,6080,-74,12022,89,11541,3063,6648,8453,27776
8757,102,6870,3138,6080,-86,3598,101,99,3525,4104,8453,9216
12056,100,12314,3106,6050,-78,11482,111,12260,3049,6621,8453,27776
12056,100,12314,3106,6050,-84,3752,101,89,3524,4096,8453,9216
18692,109,6666,3068,6008,-80,10056,103,375,3073,6569,8453,27776
18692,109,6666,3068,6008,-93,3736,101,97,3522,4089,8453,9216
18472,98,122,3066,5992,-80,9960,103,514,3081,6552,8453,27776
18472,98,122,3066,5992,-80,3767,101,92,3521,4082,8453,9216
18200,98,68,3063,5975,-77,10966,100,144,3088,6532,8453,27776
18200,98,68,3063,5975,-82,3744,101,81,3520,4080,8453,9216
17976,98,139,3063,5958,-79,11744,99,140,3091,6513,8453,27776
17976,98,139,3063,5958,-84,3752,101,84,3520,4080,8453,9216
18472,99,59,3061,5946,-78,11012,99,129,3096,6493,8453,27776
18472,99,59,3061,5946,-82,3768,101,71,3520,4080,8453,9216
18560,99,77,3037,5925,-78,9920,99,144,3100,6474,8453,27776
18560,99,77,3037,5925,-82,3792,101,101,3522,4077,8453,9216
19008,99,63,3024,5904,-79,9848,99,146,3103,6454,8453,27776
19008,99,63,3024,5904,-86,3800,100,90,3525,4080,8453,9216
19352,99,83,3014,5889,-78,9816,100,153,3106,6435,8453,27776
19352,99,83,3014,5889,-88,3832,101,89,3527,4072,8453,9216
19656,99,120,3010,5876,-77,9816,99,152,3108,6420,8453,27776
19656,99,120,3010,5876,-82,3832,101,82,3526,4070,8453,9216
19816,99,114,3001,5863,-80,3864,100,82,3527,4070,8453,9216
20008,99,42,2997,5852,-77,9928,100,128,3112,6389,8453,27776
20152,99,902,2997,5845,-79,9912,99,132,3113,6372,8453,27776
20152,99,902,2997,5845,-85,3896,101,89,3518,4060,8453,9216
20328,99,76,2991,5840,-79,9920,99,129,3115,6357,8453,27776
20328,99,76,2991,5840,-83,3896,101,84,3515,4055,8453,9216
20296,99,44,2990,5835,-82,9824,100,150,3117,6345,8453,27776
20296,99,44,2990,5835,-83,3912,100,91,3509,4050,8453,9216
20408,100,47,2999,5837,-78,9664,100,135,3117,6330,8453,27776
20408,100,47,2999,5837,-83,3920,101,96,3505,4048,8453,9216
20512,99,42,3005,5839,-82,9776,99,147,3119,6318,8453,27776
20512,99,42,3005,5839,-87,3935,101,90,3499,4043,8453,9216
20560,99,49,3007,5838,-83,3935,100,75,3494,4038,8453,9216
20576,99,49,3006,5833,-78,9736,99,144,3123,6294,8453,27776
20576,99,49,3006,5833,-89,3928,100,87,3490,4038,8453,9216
20688,99,60,2993,5830,-80,9640,99,147,3124,6284,8453,27776
20688,99,60,2993,5830,-83,3928,100,96,3491,4040,8453,9216
20776,99,50,2971,5818,-81,9688,99,146,3126,6272,8453,27776
20776,99,129,2963,5818,-80,9696,99,145,3127,6259,8453,27776
20776,99,129,2963,5818,-82,3935,101,93,3490,4048,8453,9216
20760,99,49,2952,5818,-84,9600,99,147,3128,6250,8453,27776
20680,99,127,2941,5817,-82,9536,99,141,3130,6242,8453,27776
20680,99,127,2941,5817,-87,3872,100,94,3494,4048,8453,9216
20504,99,52,2941,5817,-80,10822,99,138,3128,6232,8453,27776
20296,99,122,2927,5815,-85,3784,101,78,3489,4048,8453,9216
20304,99,74,2909,5814,-82,10224,99,146,3128,6215,8453,27776
20304,99,74,2909,5814,-88,3752,101,87,3480,4046,8453,9216
20248,99,85,2887,5812,-83,3752,100,84,3475,4046,8453,9216
20064,99,91,2883,5819,-82,9536,99,130,3129,6200,8453,27776
20064,99,91,2883,5819,-89,3764,100,76,3473,4046,8453,9216
20032,99,112,2870,5822,-80,9864,99,137,3128,6193,8453,27776
20032,99,112,2870,5822,-84,3756,100,88,3471,4046,8453,9216
19992,100,57,2859,5826,-83,9436,99,143,3127,6190,8453,27776
19936,99,163,2865,5834,-77,10472,99,129,3126,6184,8453,27776
19936,99,163,2865,5834,-88,3781,101,82,3466,4046,8453,9216
19952,99,184,2842,5842,-80,9472,99,132,3125,6174,8453,27776
19952,99,184,2842,5842,-86,3744,101,68,3462,4051,8453,9216
19976,100,162,2831,5852,-80,10304,99,139,3124,6174,8453,27776
20072,100,231,2825,5867,-78,10760,99,142,3123,6171,8453,27776
20240,100,201,2803,5876,-82,10008,99,150,3122,6164,8453,27776
20240,100,201,2803,5876,-87,3848,101,87,3454,4056,8453,9216
20328,99,130,2789,5886,-75,11408,99,140,3120,6164,8453,27776
20328,99,130,2789,5886,-84,3896,101,82,3452,4066,8453,9216
20552,100,115,2783,5896,-80,11752,99,139,3118,6164,8453,27776
20552,100,115,2783,5896,-85,3959,101,92,3452,4065,8453,9216
20768,100,118,2778,5912,-78,11952,99,143,3117,6156,8453,27776
20768,100,118,2778,5912,-85,4007,100,84,3453,4072,8453,9216
20992,100,105,2788,5925,-80,11992,99,141,3117,6154,8453,27776
20992,100,105,2788,5925,-83,4056,101,79,3452,4075,8453,9216
21216,100,99,2788,5937,-83,12096,99,141,3118,6154,8453,27776
21216,100,99,2788,5937,-87,4104,100,72,3452,4077,8453,9216
21488,100,125,2792,5954,-78,12080,99,136,3119,6154,8453,27776
21684,100,120,2791,5969,-79,12048,99,139,3121,6154,8453,27776
21684,100,120,2791,5969,-85,4168,100,82,3442,4083,8453,9216
21880,100,66,2780,5981,-76,11470,99,142,3120,6149,8453,27776
21880,100,66,2780,5981,-85,4184,100,81,3439,4083,8453,9216
22096,100,132,2776,5994,-78,10208,99,138,3121,6145,8453,27776
22096,100,132,2776,5994,-87,4216,101,90,3438,4093,8453,9216
22336,100,236,2772,6002,-82,10104,99,143,3122,6145,8453,27776
22336,100,236,2772,6002,-86,4248,101,91,3436,4093,8453,9216
22456,100,231,2770,6015,-80,9944,99,147,3123,6145,8453,27776
22664,100,213,2748,6024,-79,9696,99,142,3124,6145,8453,27776
22664,100,213,2748,6024,-93,4280,101,86,3427,4103,8453,9216
22872,100,93,2728,6029,-82,9624,99,157,3124,6145,8453,27776
22872,100,93,2728,6029,-86,4296,101,68,3431,4108,8453,9216
23000,100,148,2718,6046,-82,9832,99,141,3123,6142,8453,27776
23000,100,148,2718,6046,-86,4296,100,84,3429,4113,8453,9216
23072,100,110,2708,6062,-83,10560,99,135,3122,6135,8453,27776
23072,100,110,2708,6062,-83,4328,100,88,3427,4113,8453,9216
23160,100,158,2693,6077,-81,10696,99,130,3119,6135,8453,27776
23232,99,141,2687,6093,-77,10208,100,156,3119,6130,8453,27776
23432,100,130,2673,6107,-82,9736,99,140,3112,6124,8453,27776
23520,100,199,2666,6122,-84,4324,101,91,3427,4133,8453,9216
23528,100,302,2662,6136,-70,12398,118,18417,3102,6113,8453,27776
23528,100,302,2662,6136,-88,4316,100,82,3423,4131,8453,9216
23432,96,2117,2651,6153,-72,9178,96,11769,3095,6110,8453,27776
23432,96,2117,2651,6153,-82,4316,101,92,3420,4137,8453,9216
22864,99,131,2641,6172,-74,9392,107,6574,3084,6103,8453,27776
22864,99,131,2641,6172,-80,4324,101,80,3420,4140,8453,9216
22800,99,154,2636,6187,-73,8510,92,6622,3073,6100,8453,27776
22800,99,154,2636,6187,-81,4348,100,77,3423,4142,8453,9216
22816,99,103,2625,6202,-68,8255,100,2923,3063,6100,8453,27776
22816,99,103,2625,6202,-80,4348,100,93,3428,4152,8453,9216
22856,99,120,2617,6218,-68,9152,94,8395,3048,6098,8453,27776
22856,99,120,2617,6218,-80,4348,101,88,3429,4152,8453,9216
22768,98,119,2617,6232,-74,8926,102,7085,3031,6099,8453,27776
22768,98,119,2617,6232,-80,4348,101,85,3420,4151,8453,9216
22456,99,69,2613,6247,-82,7625,93,4025,3008,6107,8453,27776
22456,99,69,2613,6247,-78,4348,101,91,3415,4153,8453,9216
22040,99,97,2612,6270,-76,9110,107,4881,2989,6113,8453,27776
22040,99,97,2612,6270,-83,4332,101,85,3415,4160,8453,9216
22624,99,119,2600,6291,-62,9012,96,5503,2990,6113,8453,27776
22624,99,119,2600,6291,-86,4340,101,84,3416,4160,8453,9216
22544,100,79,2600,6305,-65,10334,97,4060,2990,6123,8453,27776
22544,100,79,2600,6305,-87,4340,101,73,3417,4160,8453,9216
22376,99,62,2604,6331,-70,10576,99,1037,2989,6128,8453,27776
22376,99,62,2604,6331,-77,4332,101,89,3416,4160,8453,9216
22512,100,80,2610,6362,-70,10616,99,809,2994,6133,8453,27776
22512,100,80,2610,6362,-80,4211,100,89,3418,4165,8453,9216
22784,99,64,2611,6383,-77,2768,102,1711,3420,4170,8453,9216
22840,99,68,2610,6407,-74,10272,100,1353,2997,6143,8453,27776
22840,99,68,2610,6407,-85,2479,104,4224,3421,4170,8453,9216
22928,99,79,2612,6432,-75,10048,98,1024,3001,6149,8453,27776
22928,99,79,2612,6432,-82,1876,99,1802,3407,4170,8453,9216
22928,99,85,2611,6459,-78,9804,96,2390,3006,6152,8453,27776
22928,99,85,2611,6459,-71,1538,101,2632,3412,4170,8453,9216
22976,99,183,2605,6483,-82,3274,100,2021,3413,4180,8453,9216
22952,99,70,2604,6503,-92,9800,98,607,3004,6145,8453,27776
22952,99,70,2604,6503,-74,2632,100,4889,3405,4180,8453,9216
22952,98,77,2605,6519,-73,9952,100,2095,3006,6143,8453,27776
22952,98,77,2605,6519,-73,1694,103,4045,3398,4187,8453,9216
22976,99,92,2604,6536,-70,10128,100,1314,3005,6143,8453,27776
22976,99,92,2604,6536,-66,1506,97,4198,3394,4194,8453,9216
22944,99,84,2601,6558,-70,10144,99,1516,3004,6143,8453,27776
22944,99,84,2601,6558,-61,1791,101,2413,3391,4203,8453,9216
22960,99,64,2598,6577,-68,10272,99,1087,3005,6152,8453,27776
22960,99,64,2598,6577,-58,2057,101,350,3394,4214,8453,9216
22960,99,97,2601,6601,-68,10208,99,760,3007,6152,8453,27776
22960,99,97,2601,6601,-69,1994,101,5389,3397,4221,8453,9216
22936,99,126,2599,6627,-69,10408,91,2688,3008,6152,8453,27776
22936,99,126,2599,6627,-68,2230,100,552,3402,4231,8453,9216
22912,99,102,2598,6649,-61,10864,86,3241,3003,6152,8453,27776
22912,99,102,2598,6649,-64,2356,101,716,3406,4238,8453,9216
22864,99,84,2597,6669,-61,10204,103,5422,3000,6152,8453,27776
22864,99,84,2597,6669,-63,2384,101,107,3408,4248,8453,9216
22744,99,89,2596,6693,-71,10508,96,7543,2998,6152,8453,27776
22744,99,89,2596,6693,-64,2396,100,118,3412,4250,8453,9216
22512,100,82,2600,6712,-63,10972,93,7767,2989,6152,8453,27776
22512,100,82,2600,6712,-61,2404,101,111,3416,4258,8453,9216
22136,99,68,2595,6727,-80,11368,103,5413,2986,6147,8453,27776
22136,99,68,2595,6727,-63,2416,100,100,3420,4258,8453,9216
22280,99,78,2588,6739,-64,2408,100,90,3423,4259,8453,9216
22080,99,81,2591,6748,-64,11648,88,5478,2988,6172,8453,27776
22080,99,81,2591,6748,-63,2400,101,91,3426,4260,8453,9216
20888,99,73,2592,6758,-66,7930,87,8248,2983,6172,8453,27776
20888,99,73,2592,6758,-70,2400,101,78,3431,4260,8453,9216
19472,169,11170,2594,6771,-61,9182,101,3528,2985,6181,8453,27776
19472,169,11170,2594,6771,-67,2400,101,80,3432,4260,8453,9216
24515,98,8680,2594,6773,-55,9208,103,8663,2990,6192,8453,27776
24515,98,8680,2594,6773,-68,2400,101,85,3437,4260,8453,9216
16138,102,13416,2575,6776,-63,11718,106,7748,2993,6198,8453,27776
16138,102,13416,2575,6776,-71,2404,100,88,3438,4260,8453,9216
18128,88,7591,2568,6780,-61,9618,131,14500,2990,6203,8453,27776
18128,88,7591,2568,6780,-68,2408,100,83,3441,4255,8453,9216
16610,120,15146,2572,6799,-63,8670,108,10753,2987,6206,8453,27776
16610,120,15146,2572,6799,-75,2404,101,65,3442,4251,8453,9216
10664,93,6468,2572,6811,-68,12301,101,8269,2984,6210,8453,27776
10664,93,6468,2572,6811,-74,2400,100,87,3443,4251,8453,9216
10686,101,13056,2575,6826,-62,16479,99,4382,2987,6211,8453,27776
10686,101,13056,2575,6826,-64,2392,101,79,3444,4241,8453,9216
13099,96,7879,2575,6836,-62,15920,101,1560,2990,6211,8453,27776
13099,96,7879,2575,6836,-61,2384,101,81,3446,4241,8453,9216
15318,97,15013,2577,6845,-61,14919,100,1154,2989,6216,8453,27776
15318,97,15013,2577,6845,-64,2372,101,88,3447,4236,8453,9216
20200,94,13776,2576,6853,-67,14040,104,2145,2981,6218,8453,27776
20200,94,13776,2576,6853,-70,2368,100,98,3446,4231,8453,9216
22960,103,6781,2574,6860,-71,13586,100,1713,2976,6218,8453,27776
22960,103,6781,2574,6860,-58,2372,100,85,3448,4231,8453,9216
22880,105,4591,2576,6872,-58,11576,92,5328,2965,6213,8453,27776
22880,105,4591,2576,6872,-64,2356,100,93,3448,4221,8453,9216
21432,117,18947,2575,6884,-63,9380,100,4926,2969,6218,8453,27776
21432,117,18947,2575,6884,-69,2356,100,88,3449,4221,8453,9216
13662,116,16199,2574,6894,-72,8532,92,5039,2971,6220,8453,27776
13662,116,16199,2574,6894,-86,2344,101,89,3449,4216,8453,9216
6704,118,11456,2577,6901,-61,7816,99,2366,2973,6232,8453,27776
6704,118,11456,2577,6901,-61,2340,101,78,3449,4211,8453,9216
21316,94,15678,2575,6908,-70,7551,102,6919,2971,6243,8453,27776
21316,94,15678,2575,6908,-72,2328,101,96,3450,4211,8453,9216
35384,98,6509,2563,6917,-60,10300,98,4077,2944,6243,8453,27776
35384,98,6509,2563,6917,-70,2292,101,86,3451,4212,8453,9216
36128,90,4107,2559,6927,-67,15367,96,5634,2930,6245,8453,27776
36128,90,4107,2559,6927,-70,2207,101,160,3452,4204,8453,9216
38552,115,17903,2556,6939,-66,21652,96,7179,2938,6253,8453,27776
38552,115,17903,2556,6939,-68,2259,100,135,3453,4204,8453,9216
44512,111,7281,2560,6951,-67,15580,101,6995,2936,6260,8453,27776
44512,111,7281,2560,6951,-77,2292,101,112,3455,4204,8453,9216
21524,94,4334,2560,6961,-66,21352,97,9241,2927,6258,8453,27776
21524,94,4334,2560,6961,-63,2316,100,68,3457,4204,8453,9216
35876,126,17501,2563,6971,-64,14716,97,26796,2919,6261,8453,27776
35876,126,17501,2563,6971,-69,2332,101,71,3458,4194,8453,9216
73664,107,18285,2564,6979,-66,21634,115,10154,2920,6277,8453,27776
73664,107,18285,2564,6979,-82,2344,101,93,3458,4194,8453,9216
42996,100,28815,2562,6988,-67,26407,123,13704,2918,6281,8453,27776
42996,100,28815,2562,6988,-65,2348,101,75,3458,4194,8453,9216
1150,95,352,2559,6995,-66,2352,100,75,3458,4185,8453,9216
1174,95,79,2560,7000,-72,19040,110,5411,2916,6280,8453,27776
1174,95,79,2560,7000,-64,2364,100,71,3459,4183,8453,9216
1178,95,65,2561,7005,-69,18664,118,8982,2913,6279,8453,27776
1178,95,65,2561,7005,-64,2356,100,83,3460,4183,8453,9216
1162,95,83,2562,7007,-72,20808,96,9893,2911,6281,8453,27776
1162,95,83,2562,7007,-65,2356,101,88,3460,4183,8453,9216
1146,95,64,2563,7011,-67,25292,104,6638,2907,6279,8453,27776
1146,95,64,2563,7011,-64,2368,101,98,3459,4183,8453,9216
1142,95,80,2562,7014,-72,23544,100,9745,2890,6278,8453,27776
1142,95,80,2562,7014,-64,2368,101,80,3460,4176,8453,9216
1126,95,83,2563,7014,-64,2372,101,79,3459,4174,8453,9216
1110,95,72,2565,7015,-69,26015,98,4541,2873,6281,8453,27776
1110,95,72,2565,7015,-64,2380,100,90,3460,4174,8453,9216
1110,95,93,2564,7014,-74,26808,103,15264,2871,6286,8453,27776
1110,95,93,2564,7014,-66,2372,100,100,3460,4174,8453,9216
1094,95,78,2565,7015,-65,23348,114,13681,2860,6291,8453,27776
1094,95,78,2565,7015,-65,2380,101,96,3459,4174,8453,9216
1094,96,72,2567,7019,-65,23720,89,15017,2855,6301,8453,27776
1094,96,72,2567,7019,-64,2380,101,94,3459,4174,8453,9216
1078,95,77,2569,7028,-67,22592,105,10650,2861,6320,8453,27776
1078,95,77,2569,7028,-64,2372,101,72,3460,4169,8453,9216
1078,96,72,2566,7026,-73,21700,99,7648,2861,6330,8453,27776
1078,96,72,2566,7026,-65,2372,100,89,3460,4164,8453,9216
1062,95,74,2568,7027,-71,17140,106,5436,2860,6340,8453,27776
1062,95,74,2568,7027,-64,2372,100,93,3459,4164,8453,9216
1050,95,65,2569,7028,-71,17664,97,2437,2860,6349,8453,27776
1050,95,65,2569,7028,-66,2368,100,99,3459,4164,8453,9216
1046,95,74,2567,7027,-65,14515,97,652,2862,6359,8453,27776
1046,95,74,2567,7027,-66,2356,100,91,3459,4164,8453,9216
1046,95,81,2569,7028,-63,15555,97,156,2862,6371,8453,27776
1046,95,81,2569,7028,-64,2352,101,85,3459,4164,8453,9216
1046,95,67,2566,7027,-67,13665,94,12245,2867,6381,8453,27776
1046,95,67,2566,7027,-66,2340,100,79,3460,4164,8453,9216
1046,96,84,2569,7028,-70,13388,139,14740,2862,6391,8453,27776
1046,96,84,2569,7028,-67,2312,101,229,3459,4164,8453,9216
1046,96,81,2569,7028,-64,12479,100,8767,2865,6400,8453,27776
1046,96,81,2569,7028,-68,2276,99,698,3460,4164,8453,9216
1034,96,77,2570,7028,-68,13544,99,3947,2870,6409,8453,27776
1034,96,77,2570,7028,-68,2300,101,146,3458,4164,8453,9216
1030,95,84,2571,7018,-61,14320,97,1929,2873,6417,8453,27776
1030,95,84,2571,7018,-68,2316,100,826,3454,4164,8453,9216
1030,96,69,2572,7018,-65,14304,97,3577,2877,6422,8453,27776
1030,96,69,2572,7018,-67,2308,103,432,3453,4164,8453,9216
1022,95,68,2573,7018,-68,15175,97,7586,2879,6432,8453,27776
1022,95,68,2573,7018,-66,2308,101,455,3452,4164,8453,9216
1014,95,66,2572,7018,-64,14372,95,3980,2880,6432,8453,27776
1014,95,66,2572,7018,-66,2332,100,88,3451,4163,8453,9216
1014,96,81,2574,7018,-67,14352,97,2927,2882,6442,8453,27776
1014,96,81,2574,7018,-65,2348,100,91,3451,4163,8453,9216
1014,96,73,2575,7018,-63,14607,97,1742,2886,6445,8453,27776
1014,96,73,2575,7018,-66,2352,100,79,3450,4162,8453,9216
1014,95,91,2575,7018,-65,15035,99,1045,2890,6450,8453,27776
1014,95,91,2575,7018,-64,2364,100,77,3449,4162,8453,9216
1014,95,76,2576,7018,-65,15288,98,1164,2894,6455,8453,27776
1014,95,76,2576,7018,-66,2360,100,91,3449,4162,8453,9216
1022,95,90,2577,7018,-70,15616,97,463,2893,6455,8453,27776
1022,95,90,2577,7018,-65,2348,100,79,3450,4162,8453,9216
1018,95,73,2579,7018,-68,16128,97,245,2893,6455,8453,27776
1018,95,73,2579,7018,-65,2340,100,83,3450,4162,8453,9216
1030,95,78,2579,7018,-67,16424,97,185,2899,6455,8453,27776
1030,95,78,2579,7018,-65,2280,101,84,3452,4174,8453,9216
1018,95,73,2581,7018,-65,16448,97,180,2902,6455,8453,27776
1018,95,73,2581,7018,-64,2244,100,88,3450,4172,8453,9216
1014,95,78,2584,7020,-70,16288,97,155,2904,6455,8453,27776
1014,95,78,2584,7020,-65,2332,101,92,3449,4172,8453,9216
1014,96,64,2584,7028,-65,15959,97,173,2906,6455,8453,27776
1014,96,64,2584,7028,-66,2348,100,87,3447,4172,8453,9216
1014,95,69,2585,7028,-65,15807,97,161,2909,6455,8453,27776
1014,96,76,2588,7028,-70,16071,97,227,2911,6455,8453,27776
1014,96,76,2588,7028,-65,2372,101,100,3442,4172,8453,9216
1014,95,75,2587,7028,-70,16112,97,176,2909,6445,8453,27776
1014,95,75,2587,7028,-67,2368,100,94,3441,4172,8453,9216
1001,96,71,2590,7028,-66,16032,97,238,2912,6442,8453,27776
1001,96,71,2590,7028,-65,2380,100,108,3441,4172,8453,9216
1001,96,83,2590,7028,-68,15935,97,164,2915,6436,8453,27776
1001,96,83,2590,7028,-65,2384,100,86,3441,4179,8453,9216
1001,95,76,2591,7028,-69,15903,97,196,2913,6428,8453,27776
1001,95,76,2591,7028,-66,2372,101,91,3439,4182,8453,9216
1009,95,72,2590,7028,-67,15336,97,151,2917,6426,8453,27776
1009,95,72,2590,7028,-64,2360,100,82,3437,4182,8453,9216
1014,95,56,2591,7028,-65,15360,97,167,2917,6417,8453,27776
1014,95,56,2591,7028,-66,2356,100,99,3437,4182,8453,9216
1014,95,73,2590,7023,-64,15263,97,174,2918,6416,8453,27776
1014,95,73,2590,7023,-64,2348,100,94,3435,4182,8453,9216
1009,96,72,2590,7018,-66,15200,97,163,2920,6409,8453,27776
1009,96,72,2590,7018,-65,2328,101,81,3434,4184,8453,9216
997,95,75,2591,7018,-66,15084,97,170,2921,6409,8453,27776
997,95,75,2591,7018,-64,2300,101,90,3434,4191,8453,9216
989,96,63,2591,7018,-67,14308,97,163,2921,6400,8453,27776
989,96,63,2591,7018,-66,2276,100,87,3433,4191,8453,9216
978,95,79,2593,7018,-67,15560,97,151,2922,6397,8453,27776
978,95,79,2593,7018,-64,2248,101,90,3432,4191,8453,9216
974,95,74,2592,7013,-75,16039,97,170,2922,6390,8453,27776
974,95,74,2592,7013,-66,2242,100,89,3432,4196,8453,9216
950,95,73,2593,7008,-68,16144,97,157,2921,6385,8453,27776
950,95,73,2593,7008,-64,2206,100,89,3433,4201,8453,9216
926,96,94,2594,7008,-63,16240,97,161,2924,6380,8453,27776
926,96,94,2594,7008,-64,2162,101,87,3434,4201,8453,9216
892,96,73,2594,7008,-66,16176,97,157,2924,6377,8453,27776
892,96,73,2594,7008,-66,2130,100,102,3433,4203,8453,9216
777,96,244,2595,6998,-67,16072,97,152,2923,6370,8453,27776
777,96,244,2595,6998,-66,2086,100,93,3433,4211,8453,9216
621,96,137,2596,6998,-67,15951,97,170,2924,6365,8453,27776
621,96,137,2596,6998,-67,2049,101,88,3432,4211,8453,9216
607,95,113,2596,6998,-66,15727,97,152,2927,6361,8453,27776
607,95,113,2596,6998,-65,2006,100,79,3433,4211,8453,9216
625,95,76,2598,6993,-68,15464,97,153,2927,6358,8453,27776
625,95,76,2598,6993,-65,1992,101,80,3433,4211,8453,9216
649,95,141,2601,6989,-63,15272,97,159,2928,6351,8453,27776
649,95,141,2601,6989,-65,1979,100,75,3431,4216,8453,9216
705,95,105,2602,6989,-64,15088,97,157,2928,6351,8453,27776
705,95,105,2602,6989,-66,1967,101,83,3433,4221,8453,9216
705,95,112,2603,6989,-67,14888,97,159,2930,6343,8453,27776
705,95,112,2603,6989,-64,1948,100,92,3431,4221,8453,9216
811,95,121,2605,6991,-64,14711,97,164,2932,6341,8453,27776
811,95,121,2605,6991,-67,1932,101,79,3433,4221,8453,9216
820,95,74,2606,6983,-72,14679,97,149,2933,6333,8453,27776
820,95,74,2606,6983,-64,1908,100,83,3433,4221,8453,9216
788,96,75,2606,6983,-69,14687,97,156,2935,6331,8453,27776
788,96,75,2606,6983,-65,1872,100,78,3433,4221,8453,9216
798,95,74,2605,6983,-69,14687,97,165,2936,6326,8453,27776
798,95,74,2605,6983,-65,1940,101,86,3433,4221,8453,9216
774,95,87,2607,6983,-68,14671,97,165,2938,6322,8453,27776
774,95,87,2607,6983,-65,1975,100,85,3433,4221,8453,9216
809,95,82,2607,6983,-66,14848,97,153,2934,6319,8453,27776
809,95,82,2607,6983,-65,2000,101,85,3428,4221,8453,9216
831,96,73,2608,6983,-67,15024,97,152,2933,6312,8453,27776
831,96,73,2608,6983,-66,2029,101,82,3427,4221,8453,9216
853,96,64,2608,6973,-64,15255,97,153,2934,6312,8453,27776
853,96,64,2608,6973,-65,2061,101,85,3426,4231,8453,9216
882,95,79,2608,6973,-66,15340,97,166,2936,6302,8453,27776
882,95,79,2608,6973,-65,2102,100,85,3427,4231,8453,9216
902,96,67,2610,6973,-67,15536,97,160,2937,6302,8453,27776
902,96,67,2610,6973,-65,2142,100,65,3427,4231,8453,9216
911,95,79,2611,6973,-66,2170,100,78,3424,4230,8453,9216
909,95,84,2611,6973,-63,16240,97,155,2934,6297,8453,27776
909,95,84,2611,6973,-64,2194,100,101,3421,4229,8453,9216
917,96,74,2610,6973,-67,16488,97,153,2928,6292,8453,27776
917,96,74,2610,6973,-64,2214,100,78,3416,4229,8453,9216
909,96,77,2611,6973,-66,16752,97,143,2925,6292,8453,27776
909,96,77,2611,6973,-65,2222,101,87,3414,4229,8453,9216
931,95,57,2612,6968,-66,16920,97,168,2924,6282,8453,27776
931,95,57,2612,6968,-70,2210,100,87,3411,4235,8453,9216
946,95,62,2613,6963,-65,17064,97,157,2924,6279,8453,27776
946,95,62,2613,6963,-71,2174,101,99,3411,4238,8453,9216
942,96,92,2611,6963,-64,17080,97,163,2918,6271,8453,27776
942,96,92,2611,6963,-70,2142,101,188,3412,4238,8453,9216
919,96,78,2612,6963,-70,16952,97,154,2913,6262,8453,27776
919,96,78,2612,6963,-66,2074,100,288,3414,4240,8453,9216
876,96,88,2615,6963,-74,16560,97,176,2918,6262,8453,27776
876,96,88,2615,6963,-83,1942,101,203,3416,4248,8453,9216
2967,140,16796,2613,6958,-69,15464,97,2543,2916,6258,8453,27776
2967,140,16796,2613,6958,-78,1776,101,8574,3416,4248,8453,9216
7339,101,13734,2612,6953,-67,15580,99,4274,2913,6250,8453,27776
7339,101,13734,2612,6953,-63,1900,96,5212,3416,4248,8453,9216
16738,89,12906,2612,6953,-59,14144,97,9500,2910,6250,8453,27776
16738,89,12906,2612,6953,-71,1663,101,6838,3418,4248,8453,9216
9768,114,15416,2611,6950,-64,14826,97,13248,2900,6242,8453,27776
9768,114,15416,2611,6950,-64,1624,101,4267,3414,4253,8453,9216
12285,116,12077,2603,6938,-63,14228,107,13306,2901,6247,8453,27776
12285,116,12077,2603,6938,-80,3756,111,5702,3409,4258,8453,9216
7333,96,2602,2606,6933,-55,19128,94,10861,2902,6250,8453,27776
7333,96,2602,2606,6933,-72,2049,100,4853,3408,4263,8453,9216
6993,94,3433,2606,6946,-64,29992,129,19956,2896,6247,8453,27776
6993,94,3433,2606,6946,-73,1924,100,2809,3403,4270,8453,9216
6818,94,4320,2607,6963,-72,27823,113,13444,2876,6237,8453,27776
6706,99,5066,2608,6970,-71,26668,98,8019,2861,6237,8453,27776
6706,99,5066,2608,6970,-83,1607,104,5231,3394,4280,8453,9216
5434,99,7038,2596,6969,-79,30063,94,4925,2837,6227,8453,27776
5434,99,7038,2596,6969,-81,1924,101,3614,3388,4285,8453,9216
5491,92,5338,2595,6969,-71,33252,105,5150,2816,6223,8453,27776
6208,96,4222,2597,6971,-72,35440,98,3888,2797,6228,8453,27776
6208,96,4222,2597,6971,-83,1844,112,6462,3371,4285,8453,9216
5701,93,3720,2597,6971,-68,39696,97,2862,2788,6238,8453,27776
5701,93,3720,2597,6971,-84,1674,100,3807,3368,4295,8453,9216
4445,104,5240,2597,6979,-70,37712,92,4190,2779,6245,8453,27776
4445,104,5240,2597,6979,-73,3130,98,2481,3361,4294,8453,9216
6743,92,9248,2599,6981,-70,30600,82,5106,2771,6257,8453,27776
6743,92,9248,2599,6981,-82,1875,109,3621,3343,4295,8453,9216
12350,115,10184,2595,6991,-70,33412,83,7639,2757,6269,8453,27776
12350,115,10184,2595,6991,-82,2780,99,3723,3338,4305,8453,9216
20663,102,27121,2586,6991,-66,31492,100,7910,2745,6279,8453,27776
20663,102,27121,2586,6991,-80,3282,98,2873,3333,4315,8453,9216
7856,110,21711,2580,6986,-57,29467,90,6091,2728,6286,8453,27776
7856,110,21711,2580,6986,-94,2060,105,4222,3327,4323,8453,9216
11170,107,12875,2575,6989,-70,29832,105,3315,2717,6297,8453,27776
11170,107,12875,2575,6989,-77,2932,94,4422,3323,4333,8453,9216
10285,105,9863,2571,6989,-64,31200,101,3914,2699,6302,8453,27776
10285,105,9863,2571,6989,-78,2760,112,6851,3320,4345,8453,9216
14905,98,12469,2566,6983,-68,26552,92,6185,2685,6302,8453,27776
14562,102,12043,2564,6995,-61,30348,117,5668,2677,6315,8453,27776
14562,102,12043,2564,6995,-90,2064,105,4114,3312,4381,8453,9216
24124,97,11230,2561,7000,-66,30692,99,5458,2673,6333,8453,27776
24124,97,11230,2561,7000,-82,1731,103,3585,3310,4408,8453,9216
21536,109,6947,2563,7007,-64,27224,88,4897,2669,6355,8453,27776
21536,109,6947,2563,7007,-80,1437,98,6427,3305,4435,8453,9216
22380,103,15458,2556,7016,-67,18356,107,5496,2667,6379,8453,27776
22380,103,15458,2556,7016,-76,3209,112,5887,3302,4466,8453,9216
14608,133,10580,2544,7021,-70,20400,105,10879,2661,6398,8453,27776
14608,133,10580,2544,7021,-83,1167,104,4462,3299,4499,8453,9216
13278,104,18448,2539,7021,-59,16921,107,28248,2666,6425,8453,27776
13278,104,18448,2539,7021,-78,1486,101,4004,3296,4534,8453,9216
17420,100,20344,2532,7012,-77,12576,196,26349,2677,6458,8453,27776
17420,100,20344,2532,7012,-86,2855,103,3994,3295,4568,8453,9216
14237,111,22928,2534,7021,-77,5964,111,20737,2685,6499,8453,27776
12514,96,24292,2534,7024,-76,8792,175,18458,2692,6545,8453,27776
12514,96,24292,2534,7024,-74,2837,106,6231,3296,4634,8453,9216
15820,97,18221,2527,7022,-88,2057,81,21993,2702,6579,8453,27776
15820,97,18221,2527,7022,-72,12534,110,6233,3294,4666,8453,9216
5820,94,16125,2519,7017,-86,7022,103,3734,3293,4693,8453,9216
477,112,15454,2523,7011,-78,399,107,12981,2757,6325,8453,27776
477,112,15454,2523,7011,-75,15997,97,3818,3286,4717,8453,9216
71,116,12280,2543,7021,-94,8058,102,7673,3284,4741,8453,9216
6,141,12820,2556,7065,-85,6641,104,6442,3280,4764,8453,9216
12,133,18535,2573,7123,-91,0,77,7640,2781,6622,8453,27776
16,162,15204,2591,7192,-89,0,95,7244,2792,6703,8453,27776
16,162,15204,2591,7192,-92,3824,106,2409,3276,4803,8453,9216
10,100,10788,2610,7341,-62,4218,105,1619,3270,4831,8453,9216
10,162,13898,2619,7406,-83,0,96,6454,2820,7064,8453,27776
10,162,13898,2619,7406,-85,4798,104,1990,3266,4842,8453,9216
0,136,15321,2630,7474,-95,0,96,5018,2826,7187,8453,27776
0,136,15321,2630,7474,-82,4540,95,1878,3261,4852,8453,9216
4,114,13908,2643,7543,-79,4574,108,4865,3258,4865,8453,9216
8,90,13259,2649,7597,-85,0,100,5040,2843,7370,8453,27776
8,90,13259,2649,7597,-83,4195,93,2613,3251,4871,8453,9216
6,125,15765,2656,7640,-90,0,101,6463,2850,7452,8453,27776
6,125,15765,2656,7640,-96,5089,108,3525,3243,4878,8453,9216
10,91,6037,2665,7679,-74,0,89,8565,2858,7505,8453,27776
10,91,6037,2665,7679,-96,6902,98,2711,3240,4884,8453,9216
14,110,14035,2676,7716,-88,0,118,5288,2866,7578,8453,27776
14,110,14035,2676,7716,-84,6135,99,2379,3238,4896,8453,9216
12,103,7455,2682,7746,-83,5837,102,2934,3235,4906,8453,9216
20,140,13404,2696,7777,-76,3913,114,8189,3229,4913,8453,9216
6,93,3891,2702,7804,-71,3350,102,6562,3225,4926,8453,9216
24,96,7958,2706,7831,-77,2948,99,1579,3228,4937,8453,9216
24,97,4477,2711,7854,-82,0,76,5021,2897,7903,8453,27776
24,97,4477,2711,7854,-83,3190,103,5561,3229,4945,8453,9216
22,94,1758,2723,7896,-82,7947,98,1564,3225,4960,8453,9216
0,99,7917,2732,7915,-89,0,117,11063,2915,8060,8453,27776
8,112,10519,2741,7934,-86,12158,102,3396,3228,4970,8453,9216
16,124,20383,2747,7953,-94,10844,98,1840,3228,4970,8453,9216
8,86,8286,2757,7970,-88,11078,108,4183,3228,4979,8453,9216
14,111,9758,2761,7992,-90,10184,104,3468,3227,4979,8453,9216
12,112,12970,2776,8029,-91,8666,99,3944,3223,4979,8453,9216
26,108,9816,2790,8056,-90,0,128,11181,2958,8240,8453,27776
16,135,14115,2799,8071,-89,8719,104,4971,3214,5001,8453,9216
36,123,12756,2805,8081,-93,0,124,8211,2970,8313,8453,27776
36,123,12756,2805,8081,-82,8598,95,4019,3217,5014,8453,9216
18,81,14797,2811,8095,-91,8166,107,4059,3212,5025,8453,9216
6,96,5999,2822,8102,-95,0,93,6359,2978,8469,8453,27776
6,96,5999,2822,8102,-91,7667,112,3859,3219,5050,8453,9216
10,93,11617,2827,8099,-93,9224,102,4297,3218,5060,8453,9216
0,142,9857,2836,8097,-82,8253,89,5728,3217,5073,8453,9216
108,115,15193,2844,8104,-91,0,99,7505,2991,8526,8453,27776
108,115,15193,2844,8104,-76,5958,107,5549,3213,5084,8453,9216
187,125,21940,2856,8113,-90,6910,105,3591,3213,5094,8453,9216
17683,104,15069,2853,8140,-78,0,85,11432,2997,8568,8453,27776
17683,104,15069,2853,8140,-88,8739,94,5316,3211,5099,8453,9216
21804,88,9765,2847,8135,-86,0,87,10346,3001,8573,8453,27776
21804,88,9765,2847,8135,-84,10146,104,5685,3212,5107,8453,9216
20684,108,6306,2850,8079,-88,0,115,7383,3003,8589,8453,27776
20684,108,6306,2850,8079,-81,8578,107,4760,3207,5107,8453,9216
17580,97,7563,2848,8030,-83,0,101,10757,3007,8568,8453,27776
13258,102,7956,2849,7970,-81,9204,113,5070,3201,5114,8453,9216
22380,100,9348,2850,7911,-83,0,105,4455,3013,8546,8453,27776
25792,110,7642,2846,7855,-86,0,108,6355,3014,8583,8453,27776
25792,110,7642,2846,7855,-88,8184,91,4046,3197,5124,8453,9216
13883,100,11145,2846,7779,-93,8590,109,5112,3192,5124,8453,9216
8716,96,10742,2863,7632,-88,4096,110,3459,3188,5141,8453,9216
6885,121,16719,2865,7607,-89,5641,98,2706,3187,5144,8453,9216
10820,113,14874,2861,7558,-91,0,97,802,3033,8489,8453,27776
10820,113,14874,2861,7558,-86,6092,104,1142,3190,5148,8453,9216
7749,103,11871,2865,7510,-91,0,97,416,3036,8445,8453,27776
7749,103,11871,2865,7510,-87,6253,101,459,3194,5153,8453,9216
9744,100,10783,2865,7488,-88,6060,100,504,3197,5163,8453,9216
9766,118,12893,2868,7437,-78,5190,102,5002,3200,5168,8453,9216
87,93,16851,2874,7366,-83,0,91,9731,3048,8469,8453,27776
87,93,16851,2874,7366,-89,7491,106,5021,3190,5173,8453,9216
0,99,9957,2897,7365,-96,0,124,12063,3052,8569,8453,27776
0,99,9957,2897,7365,-94,8840,97,2722,3187,5173,8453,9216
8,135,15519,2907,7390,-96,7578,107,3363,3189,5173,8453,9216
6,101,11772,2914,7447,-89,0,93,11779,3060,8547,8453,27776
6,101,11772,2914,7447,-89,5275,101,8962,3187,5173,8453,9216
22,151,11483,2926,7483,-86,3355,99,2253,3189,5173,8453,9216
26,96,10552,2928,7500,-81,3220,112,2617,3185,5173,8453,9216
18,109,8297,2931,7517,-80,3408,99,2507,3186,5183,8453,9216
26,186,14654,2933,7531,-80,4972,96,7705,3187,5183,8453,9216
0,106,9636,2934,7529,-90,0,96,357,3073,8364,8453,27776
0,106,9636,2934,7529,-82,4514,94,5050,3188,5183,8453,9216
20,94,4336,2936,7522,-95,4137,100,3889,3191,5183,8453,9216
14,93,11390,2941,7521,-81,4103,110,3854,3194,5185,8453,9216
26,106,10643,2945,7523,-92,0,101,5264,3078,8398,8453,27776
26,106,10643,2945,7523,-84,3885,108,3698,3192,5189,8453,9216
10,123,11174,2948,7525,-87,3685,106,1748,3193,5192,8453,9216
14,95,7185,2949,7533,-91,0,96,1508,3085,8315,8453,27776
14,95,7185,2949,7533,-91,3500,96,2266,3190,5192,8453,9216
2,120,14604,2952,7535,-95,0,97,1383,3087,8288,8453,27776
2,94,10752,2957,7538,-84,5276,97,4371,3189,5192,8453,9216
16,134,17939,2960,7543,-92,5044,110,2939,3186,5192,8453,9216
26,105,12602,2965,7552,-96,4425,96,1374,3186,5192,8453,9216
26,110,10823,2973,7559,-73,4442,109,4833,3174,5200,8453,9216
10,163,15454,2976,7565,-91,0,86,8622,3098,8429,8453,27776
10,163,15454,2976,7565,-96,4668,102,3450,3167,5200,8453,9216
0,114,19517,2983,7561,-92,0,149,8275,3100,8397,8453,27776
24,129,22231,2992,7553,-89,0,99,12328,3101,8388,8453,27776
6,163,20952,3001,7566,-98,4274,101,3676,3143,5214,8453,9216
12,115,13332,3002,7579,-92,0,82,11905,3104,8349,8453,27776
27248,101,5898,3000,7606,-88,0,137,11601,3107,8310,8453,27776
35216,94,3859,2987,7575,-94,0,107,5236,3111,8305,8453,27776
35216,94,3859,2987,7575,-90,3905,103,3976,3121,5256,8453,9216
25624,100,4422,3009,7484,-93,3857,101,3012,3098,5297,8453,9216
58648,98,6561,3052,7444,-83,3954,97,2350,3104,5324,8453,9216
22468,100,11162,3142,7501,-94,0,125,13483,3153,8156,8453,27776
60575,91,10538,3153,7501,-93,0,116,6724,3157,8109,8453,27776
16350,86,8627,3160,7496,-92,0,104,5641,3164,8075,8453,27776
39020,122,12394,3160,7453,-89,0,103,7177,3169,8107,8453,27776
39020,122,12394,3160,7453,-93,2052,100,7520,3131,5400,8453,9216
32400,114,18766,3161,7445,-91,0,99,12950,3172,8104,8453,27776
19944,103,8438,3160,7421,-95,0,100,11199,3174,8181,8453,27776
903,109,4152,3168,7368,-95,74488,103,2363,3143,5714,8453,9216
1403,104,3930,3199,7403,-96,21572,107,6166,3159,5976,8453,9216
560,96,5877,3228,7333,-93,16608,102,3512,3173,6172,8453,9216
2334,99,5906,3262,7364,-95,3937,100,2791,3188,6337,8453,9216
5263,101,12075,3264,7369,-91,0,104,5846,3228,8152,8453,27776
200688,106,8204,3249,7332,-95,0,104,5786,3232,8122,8453,27776
183520,99,12438,3239,7295,-90,0,105,6958,3235,8136,8453,27776
236832,133,7425,3229,7262,-92,0,97,930,3235,8177,8453,27776
236832,133,7425,3229,7262,-92,3155,109,2709,3189,6356,8453,9216
52760,109,8766,3224,7220,-93,0,97,820,3238,8127,8453,27776
52760,109,8766,3224,7220,-86,3356,98,3140,3191,6356,8453,9216
165568,101,9245,3226,7202,-84,0,97,449,3241,8115,8453,27776
115031,99,6615,3219,7176,-91,8107,118,6706,3198,6358,8453,9216
16555,96,16054,3222,7157,-83,10164,107,4345,3200,6366,8453,9216
3422,109,6266,3208,7103,-85,3976,91,3641,3210,6367,8453,9216
7703,103,8915,3204,7083,-77,3879,109,4290,3209,6368,8453,9216
61332,98,8068,3199,7068,-81,4041,102,6384,3212,6369,8453,9216
15733,108,4155,3197,7041,-80,876,114,4287,3215,6371,8453,9216
1980,98,3144,3199,7027,-78,585,107,3251,3218,6379,8453,9216
2140,111,13765,3208,7015,-89,1172,101,4579,3221,6389,8453,9216
104704,118,17839,3190,6996,-87,1582,97,2991,3222,6379,8453,9216
188992,128,17865,3203,6990,-80,1908,103,2715,3222,6374,8453,9216
270752,107,10575,3189,7013,-79,2383,105,1529,3222,6366,8453,9216
174584,104,12172,3191,7012,-93,0,90,7767,3274,8219,8453,27776
174584,104,12172,3191,7012,-91,3663,108,3538,3223,6359,8453,9216
578,107,6614,3206,7090,-90,7272,99,7085,3235,6291,8453,9216
239,96,3114,3247,7170,-84,2058,100,1333,3245,6222,8453,9216
657,103,2733,3255,7068,-93,3797,99,4983,3267,6225,8453,9216
446,104,6437,3238,7023,-90,1874,102,2973,3272,6218,8453,9216
128,99,6094,3263,6994,-90,762,100,4571,3284,6204,8453,9216
290,96,8704,3281,7107,-83,2483,101,5155,3293,6147,8453,9216
310,99,7337,3281,7110,-90,1024,106,8633,3282,6140,8453,9216
955,102,10568,3294,7113,-83,2812,99,3604,3281,6150,8453,9216
1392,113,5086,3293,7125,-86,3603,101,4252,3280,6150,8453,9216
907,92,7423,3299,7130,-95,2187,96,4007,3279,6150,8453,9216
1238,102,6326,3315,7106,-95,1106,101,1585,3292,6170,8453,9216
10889,109,9112,3315,7091,-93,1547,100,3717,3294,6170,8453,9216
