02,93,3223,7163,-43,258815,98,212,3224,7844,9216,27776
430463,102,111,3224,7154,-56,4024,95,54,3162,7660,9216,8453
430463,102,111,3224,7154,-40,262720,97,144,3227,7827,9216,27776
429888,102,142,3224,7142,-61,4054,95,43,3163,7653,9216,8453
429888,102,142,3224,7142,-43,270848,99,486,3225,7812,9216,27776
362176,102,235,3227,7132,-60,4112,96,68,3164,7646,9216,8453
362176,102,235,3227,7132,-43,274624,98,186,3227,7794,9216,27776
370304,101,159,3230,7124,-59,4007,95,117,3164,7644,9216,8453
370304,101,159,3230,7124,-48,275072,97,233,3229,7783,9216,27776
420096,102,257,3234,7117,-57,3443,95,74,3165,7634,9216,8453
420096,102,257,3234,7117,-42,273152,97,214,3229,7768,9216,27776
417152,102,116,3235,7113,-60,3271,96,62,3167,7634,9216,8453
417152,102,116,3235,7113,-43,265344,97,197,3232,7753,9216,27776
420223,102,78,3239,7108,-58,3367,95,124,3168,7628,9216,8453
420223,102,78,3239,7108,-46,265728,97,269,3233,7744,9216,27776
423040,101,271,3242,7103,-58,3417,95,77,3171,7628,9216,8453
8418,104,6557,3429,6668,-85,40,101,240,3560,8023,9216,27776
5636,91,7421,3431,6651,-76,44,100,298,3561,8017,9216,27776
8274,95,2860,3433,6636,-77,36,102,1839,3562,8018,9216,27776
8064,97,4477,3429,6618,-81,8,107,3830,3564,8020,9216,27776
11322,103,6058,3429,6602,-75,2,95,5293,3562,8012,9216,27776
11975,99,3989,3420,6578,-69,4,103,5943,3564,8005,9216,27776
16237,112,3350,3417,6559,-81,16668,106,7350,3184,7358,9216,8453
16237,112,3350,3417,6559,-76,0,106,3174,3564,7996,9216,27776
21576,86,7449,3414,6542,-79,0,108,6371,3563,7986,9216,27776
79904,98,1645,3412,6505,-78,116,108,14811,3184,7397,9216,8453
79904,98,1645,3412,6505,-71,0,100,5979,3566,7968,9216,27776
84432,102,3208,3412,6497,-79,0,105,3404,3567,7968,9216,27776
90624,99,807,3414,6497,-82,180,98,8610,3196,7509,9216,8453
90624,99,807,3414,6497,-82,0,122,6965,3569,7964,9216,27776
90752,100,307,3415,6502,-67,14315,98,21949,3190,7557,9216,8453
90752,100,307,3415,6502,-76,0,91,8894,3570,7971,9216,27776
89376,101,1599,3416,6505,-67,26512,121,13418,3183,7586,9216,8453
92992,99,610,3415,6497,-64,11095,94,7414,3174,7589,9216,8453
96016,100,2009,3416,6488,-70,6495,103,8174,3173,7589,9216,8453
102544,102,3212,3415,6481,-83,4596,103,3264,3176,7589,9216,8453
102544,102,3212,3415,6481,-84,0,104,10070,3576,7978,9216,27776
110047,99,3368,3405,6471,-81,0,110,5240,3577,7971,9216,27776
84288,98,2093,3407,6466,-67,4676,95,3324,3184,7579,9216,8453
84288,98,2093,3407,6466,-80,0,99,3873,3579,7981,9216,27776
74096,104,3152,3408,6466,-72,5260,148,15858,3184,7586,9216,8453
20212,100,3606,3400,6466,-81,5062,118,12955,3183,7586,9216,8453
8494,102,2439,3389,6453,-79,4174,109,17760,3185,7591,9216,8453
5990,102,3688,3383,6453,-69,4144,85,4395,3177,7598,9216,8453
5990,102,3688,3383,6453,-78,2,94,6783,3585,7937,9216,27776
5827,97,2275,3378,6448,-69,7042,92,7007,3175,7593,9216,8453
8938,97,6706,3373,6444,-76,3590,112,11902,3182,7584,9216,8453
8938,97,6706,3373,6444,-82,22,89,9442,3587,7945,9216,27776
14632,102,3560,3369,6444,-81,18,107,9478,3589,7953,9216,27776
12560,99,4375,3366,6444,-78,6,135,9122,3589,7961,9216,27776
6481,102,2499,3365,6450,-74,9090,111,19609,3183,7581,9216,8453
6481,102,2499,3365,6450,-73,20,99,6305,3590,7966,9216,27776
2806,100,1917,3362,6451,-84,6316,101,17537,3177,7591,9216,8453
2806,100,1917,3362,6451,-81,0,97,9807,3590,7965,9216,27776
1951,107,5047,3361,6452,-75,2987,132,15279,3178,7586,9216,8453
1951,107,5047,3361,6452,-74,0,101,7362,3590,7926,9216,27776
2150,98,2969,3362,6460,-72,1571,111,3556,3183,7586,9216,8453
3694,110,3181,3364,6470,-64,0,97,9499,3591,7967,9216,27776
4610,104,2527,3365,6483,-82,1437,105,6214,3206,7627,9216,8453
4610,104,2527,3365,6483,-70,0,92,9924,3592,7975,9216,27776
8036,103,4488,3365,6485,-79,0,95,9427,3592,7960,9216,27776
9680,102,2156,3365,6492,-71,0,86,5106,3593,7962,9216,27776
34996,113,4981,3358,6493,-79,92524,101,13679,3214,7622,9216,8453
34996,113,4981,3358,6493,-70,0,129,9721,3593,7967,9216,27776
13987,81,7839,3343,6501,-84,259680,97,6447,3207,7619,9216,8453
13987,81,7839,3343,6501,-61,0,128,7369,3593,7977,9216,27776
5951,104,6987,3348,6509,-83,238816,105,14230,3206,7597,9216,8453
5951,104,6987,3348,6509,-68,2,98,9238,3593,7962,9216,27776
5165,95,3687,3345,6519,-77,52320,107,8027,3203,7592,9216,8453
5165,95,3687,3345,6519,-70,0,88,4636,3597,7960,9216,27776
12892,95,3009,3342,6523,-74,50063,129,17924,3200,7570,9216,8453
12892,95,3009,3342,6523,-66,0,100,7521,3597,7970,9216,27776
12812,102,5727,3345,6533,-69,37184,109,8397,3214,7556,9216,8453
12812,102,5727,3345,6533,-76,0,109,10656,3599,7957,9216,27776
9002,103,8812,3344,6548,-80,2,110,7849,3601,7938,9216,27776
30388,96,3424,3345,6550,-71,32058,102,10953,3231,7621,9216,8453
43912,100,3335,3335,6558,-81,52576,99,5326,3225,7612,9216,8453
49456,115,3934,3336,6558,-72,43088,107,12828,3228,7631,9216,8453
49456,115,3934,3336,6558,-70,0,90,7231,3601,7913,9216,27776
60055,106,4561,3338,6558,-77,57568,96,10315,3219,7641,9216,8453
60055,106,4561,3338,6558,-79,0,107,5223,3603,7893,9216,27776
69808,97,2654,3339,6567,-76,0,99,8348,3603,7881,9216,27776
90464,103,6950,3339,6567,-75,52392,92,17363,3217,7617,9216,8453
90464,103,6950,3339,6567,-79,0,91,7479,3604,7886,9216,27776
332160,98,5329,3315,6555,-77,506,103,16407,3220,7614,9216,8453
332160,98,5329,3315,6555,-81,2,96,4074,3607,7854,9216,27776
450112,99,3749,3319,6569,-79,12,125,9196,3608,7832,9216,27776
441536,100,2417,3319,6574,-67,36,138,13072,3229,7727,9216,8453
441536,100,2417,3319,6574,-79,16,81,8348,3607,7810,9216,27776
378175,100,3009,3322,6584,-69,423,145,20255,3231,7767,9216,8453
378175,100,3009,3322,6584,-78,22,84,9306,3608,7817,9216,27776
318080,108,9983,3323,6584,-81,18,117,8508,3606,7812,9216,27776
226272,108,6167,3318,6584,-76,363,102,12321,3239,7821,9216,8453
268832,103,4004,3300,6581,-81,64,99,6853,3241,7850,9216,8453
350208,103,5352,3298,6581,-74,99,101,16485,3244,7875,9216,8453
239327,110,4200,3296,6591,-64,14,105,9189,3609,7817,9216,27776
240351,104,3720,3290,6600,-73,14,110,10035,3608,7810,9216,27776
209599,92,4426,3290,6600,-73,18,74,6107,3610,7803,9216,27776
204640,102,2547,3290,6600,-74,22,98,14405,3611,7790,9216,27776
196704,103,3144,3286,6600,-82,14,107,7943,3612,7783,9216,27776
196800,98,6619,3272,6598,-84,20,111,8089,3610,7778,9216,27776
802495,107,3433,3288,6610,-78,808768,98,11058,3258,8002,9216,8453
528704,96,3475,3288,6610,-75,5692160,114,10255,3273,7910,9216,8453
518336,116,5367,3266,6617,-83,8386560,97,4037,3266,7854,9216,8453
642624,103,5603,3270,6628,-79,3510272,117,8553,3276,7803,9216,8453
642624,103,5603,3270,6628,-80,30,127,6910,3621,7784,9216,27776
678208,107,5629,3290,6654,-84,7768576,102,10875,3315,7723,9216,8453
611520,100,7221,3287,6659,-70,7768064,113,6586,3347,7675,9216,8453
611520,100,7221,3287,6659,-80,32,106,12639,3625,7843,9216,27776
779776,103,5279,3280,6669,-78,7467519,96,5140,3362,7642,9216,8453
779776,103,5279,3280,6669,-74,28,141,10994,3625,7853,9216,27776
757568,102,2547,3289,6669,-76,8168447,104,7374,3368,7591,9216,8453
757568,102,2547,3289,6669,-77,26,83,13254,3625,7811,9216,27776
807936,100,5781,3281,6669,-75,6741503,102,6020,3375,7539,9216,8453
694848,98,3648,3271,6667,-78,7629312,103,5273,3387,7494,9216,8453
711040,104,2987,3268,6671,-78,5030143,112,7965,3391,7440,9216,8453
711040,104,2987,3268,6671,-81,28,86,13213,3628,7846,9216,27776
856832,108,2565,3280,6679,-84,1796991,99,7693,3382,7383,9216,8453
871040,98,6040,3274,6685,-77,24,139,11677,3630,7829,9216,27776
608192,109,2878,3273,6695,-76,5017088,97,6364,3441,7326,9216,8453
666560,98,3640,3265,6695,-77,56,94,9828,3630,7853,9216,27776
718336,98,3757,3252,6692,-73,8386560,113,7174,3450,7246,9216,8453
718336,98,3757,3252,6692,-75,30,111,10254,3631,7851,9216,27776
831808,107,4383,3253,6695,-69,8386560,99,5661,3467,7221,9216,8453
831808,107,4383,3253,6695,-76,30,109,8312,3631,7833,9216,27776
573376,97,3949,3246,6695,-77,8386560,106,4725,3481,7188,9216,8453
491712,99,2778,3237,6702,-78,8386560,92,2727,3491,7158,9216,8453
491712,99,2778,3237,6702,-77,26,94,9874,3632,7887,9216,27776
518144,102,5614,3233,6707,-78,8386560,113,4319,3500,7120,9216,8453
518144,102,5614,3233,6707,-76,48,91,8952,3631,7907,9216,27776
525247,103,6500,3230,6714,-79,8386560,96,3996,3518,7076,9216,8453
525247,103,6500,3230,6714,-77,35,110,9241,3633,7888,9216,27776
499712,105,3987,3231,6738,-76,8386560,103,3742,3549,7008,9216,8453
909952,101,6089,3252,6771,-82,22,128,8234,3633,7932,9216,27776
29352,93,3362,3295,6963,-90,6599040,112,8814,3606,6779,9216,8453
24544,102,4188,3325,7314,-95,540352,93,6506,3509,6644,9216,8453
24580,100,3944,3335,7411,-96,750976,111,3731,3473,6613,9216,8453
137563,106,6242,3343,7499,-97,1008576,91,8902,3459,6592,9216,8453
640128,106,6868,3349,7568,-84,30,101,7363,3641,7964,9216,27776
612031,119,10274,3357,7648,-85,240596,168,23356,3446,6577,9216,8453
612031,119,10274,3357,7648,-93,24,98,6069,3641,7983,9216,27776
2494079,126,15549,3362,7669,-91,727296,109,17971,3444,6575,9216,8453
2494079,126,15549,3362,7669,-63,18,123,6439,3643,7964,9216,27776
502912,118,20733,3372,7625,-85,24,97,6711,3642,7932,9216,27776
104314,142,15561,3368,7564,-88,5376,129,24082,3438,6575,9216,8453
104314,142,15561,3368,7564,-84,18,102,5152,3641,7986,9216,27776
56996,108,12296,3365,7497,-87,2023,102,14443,3440,6605,9216,8453
22570,107,14853,3363,7428,-90,38,112,10904,3641,7991,9216,27776
1405,104,6080,3359,7365,-95,30,107,7824,3643,7975,9216,27776
2316,105,4309,3351,7302,-96,30,109,8768,3642,7964,9216,27776
3115,105,4247,3348,7190,-95,20,117,9176,3642,7920,9216,27776
638560,100,8081,3401,6961,-93,1893,114,12372,3459,7079,9216,8453
550368,97,3958,3431,6812,-88,8,86,7561,3645,7984,9216,27776
145936,101,3766,3441,6661,-88,1885,107,14374,3463,7239,9216,8453
145936,101,3766,3441,6661,-94,32,114,7240,3646,7921,9216,27776
147936,105,3667,3467,6617,-85,5778,127,22487,3464,7256,9216,8453
207759,114,6352,3490,6539,-87,26,130,7698,3645,7984,9216,27776
792832,104,4621,3500,6500,-90,6974,101,12553,3467,7325,9216,8453
792832,104,4621,3500,6500,-88,26,107,5820,3647,7967,9216,27776
737088,100,4492,3515,6466,-92,1247,126,12491,3469,7352,9216,8453
532352,104,5701,3527,6437,-86,30,106,5447,3650,7950,9216,27776
389152,98,5695,3544,6407,-93,20,103,5245,3651,7933,9216,27776
220895,93,6241,3549,6373,-78,7697,123,7913,3481,7426,9216,8453
165728,97,2233,3554,6346,-76,802688,106,14817,3482,7475,9216,8453
185920,103,2759,3559,6290,-80,987392,95,3568,3498,7444,9216,8453
190848,102,2816,3562,6260,-71,1131391,93,3154,3504,7418,9216,8453
197376,102,2075,3564,6233,-74,1293824,103,7333,3517,7375,9216,8453
197376,102,2075,3564,6233,-89,49,105,3247,3656,7894,9216,27776
203008,100,1665,3568,6204,-75,2930943,98,4422,3532,7333,9216,8453
203008,100,1665,3568,6204,-90,47,97,5594,3656,7938,9216,27776
199904,106,1609,3568,6174,-86,6612991,99,2831,3557,7278,9216,8453
199904,106,1609,3568,6174,-91,49,100,1152,3656,7958,9216,27776
213472,101,456,3576,6130,-83,4417280,104,5403,3563,7149,9216,8453
213472,101,456,3576,6130,-90,221,100,689,3660,7891,9216,27776
217856,102,1260,3584,6113,-80,2595584,97,1847,3558,7090,9216,8453
217856,102,1260,3584,6113,-87,167,100,196,3661,7884,9216,27776
355935,102,2779,3591,6098,-93,3482112,99,4649,3559,7036,9216,8453
355935,102,2779,3591,6098,-90,94,99,938,3661,7894,9216,27776
514944,101,2477,3624,6075,-89,8386560,112,9279,3569,6930,9216,8453
514944,101,2477,3624,6075,-88,124,100,228,3665,7906,9216,27776
660992,102,5449,3641,6058,-85,5202432,100,5947,3554,6880,9216,8453
660992,102,5449,3641,6058,-91,112,100,1118,3666,7926,9216,27776
402304,107,4016,3644,6030,-90,124,94,8672,3666,7963,9216,27776
414463,94,2896,3648,6008,-88,3096448,118,11999,3537,6781,9216,8453
414463,94,2896,3648,6008,-80,59,100,9182,3667,8019,9216,27776
378880,105,2551,3657,5997,-82,2784640,97,11890,3519,6730,9216,8453
378880,105,2551,3657,5997,-74,46,119,7749,3667,8140,9216,27776
418559,97,3896,3665,5984,-89,1130303,104,9722,3530,6703,9216,8453
581376,102,1839,3678,5970,-78,958976,160,20904,3529,6673,9216,8453
642112,101,1298,3696,5955,-89,356544,120,6206,3533,6649,9216,8453
642112,101,1298,3696,5955,-88,30,116,10261,3666,8312,9216,27776
617472,101,748,3715,5938,-90,375936,99,5232,3542,6624,9216,8453
617472,101,748,3715,5938,-77,551,102,10354,3669,8268,9216,27776
635200,101,891,3733,5914,-83,987071,140,14934,3544,6597,9216,8453
635200,101,891,3733,5914,-80,3125,124,13684,3662,8330,9216,27776
604736,99,1488,3746,5887,-73,1184512,90,12371,3534,6578,9216,8453
604736,99,1488,3746,5887,-79,521012,83,13815,3663,8352,9216,27776
436992,101,3369,3763,5861,-86,2729600,109,19432,3535,6568,9216,8453
436992,101,3369,3763,5861,-76,1174592,126,23232,3661,8340,9216,27776
366976,105,3473,3774,5833,-72,1328000,90,12083,3653,8254,9216,27776
463167,96,3751,3779,5803,-76,1535360,101,1308,3664,8103,9216,27776
554495,119,6840,3783,5776,-91,491496,110,11910,3518,6508,9216,8453
554495,119,6840,3783,5776,-72,1559424,100,609,3666,7945,9216,27776
315871,96,4763,3773,5751,-77,1623296,98,3472,3679,7793,9216,27776
212320,96,2437,3774,5734,-92,5900,94,4701,3526,6560,9216,8453
212320,96,2437,3774,5734,-85,1710336,100,1567,3686,7673,9216,27776
187360,103,1323,3773,5724,-79,6211,124,10022,3528,6617,9216,8453
187360,103,1323,3773,5724,-72,1848320,101,1041,3689,7547,9216,27776
185664,102,1082,3780,5714,-84,846,140,14443,3528,6683,9216,8453
185664,102,1082,3780,5714,-74,1816959,99,542,3680,7426,9216,27776
190400,101,498,3788,5707,-72,1688960,99,507,3669,7310,9216,27776
187776,105,1078,3790,5697,-78,1589632,101,7214,3662,7199,9216,27776
202912,94,2450,3786,5682,-84,1376640,118,11363,3639,7089,9216,27776
192736,100,4369,3783,5662,-73,1398272,96,8413,3611,7016,9216,27776
1720768,101,6320,3783,5647,-72,1467264,104,18319,3605,6926,9216,27776
2287232,100,2186,3785,5633,-64,1454208,105,19709,3604,6874,9216,27776
1346304,101,920,3778,5605,-67,1414656,120,10349,3613,6814,9216,27776
2015360,104,1940,3784,5573,-67,1275264,112,10410,3607,6759,9216,27776
3111424,102,3239,3794,5543,-86,525,113,13923,3517,7186,9216,8453
3111424,102,3239,3794,5543,-71,1386496,105,17463,3586,6707,9216,27776
1196192,102,2784,3795,5522,-65,1456000,91,14411,3574,6662,9216,27776
213440,103,1763,3787,5502,-86,1479680,107,9611,3590,6632,9216,27776
175424,101,2982,3785,5490,-87,775,131,18168,3507,7233,9216,8453
175424,101,2982,3785,5490,-70,1491584,107,8607,3605,6609,9216,27776
158880,100,2153,3781,5482,-87,340,161,16389,3505,7243,9216,8453
158880,100,2153,3781,5482,-76,1352960,96,7617,3608,6581,9216,27776
167840,105,2051,3785,5480,-89,532,111,15735,3502,7238,9216,8453
167840,105,2051,3785,5480,-73,1127936,103,10235,3593,6551,9216,27776
173024,102,2326,3788,5475,-80,1064576,107,5800,3581,6529,9216,27776
177408,104,1237,3781,5467,-90,551,122,10855,3501,7243,9216,8453
177408,104,1237,3781,5467,-67,1043456,114,10975,3573,6519,9216,27776
168608,100,2457,3779,5455,-88,856,91,21660,3495,7243,9216,8453
168608,100,2457,3779,5455,-72,902976,105,10156,3560,6500,9216,27776
184000,103,3652,3784,5411,-86,248096,108,6888,3525,6472,9216,27776
206208,100,3776,3778,5391,-94,616,142,15878,3497,7236,9216,8453
206208,100,3776,3778,5391,-84,207904,98,8682,3510,6466,9216,27776
178304,104,8403,3778,5366,-84,259520,98,16956,3498,6456,9216,27776
2464544,105,7438,3776,5349,-81,382400,94,8395,3477,6454,9216,27776
1546688,101,3338,3757,5324,-83,163,143,12981,3490,7222,9216,8453
1546688,101,3338,3757,5324,-84,499391,100,11704,3437,6440,9216,27776
224831,102,3941,3758,5307,-81,494463,120,6465,3411,6447,9216,27776
191680,101,1836,3759,5295,-76,502848,105,8273,3378,6447,9216,27776
195328,97,3575,3738,5274,-72,718912,98,6689,3354,6483,9216,27776
168032,100,2733,3716,5266,-77,587840,106,5378,3360,6511,9216,27776
128800,102,2228,3690,5265,-76,642112,103,8263,3350,6526,9216,27776
59256,101,2402,3656,5281,-76,411935,111,12086,3351,6584,9216,27776
45568,109,5391,3643,5291,-77,460608,107,11704,3344,6604,9216,27776
31392,105,3185,3625,5305,-76,523520,97,9553,3355,6636,9216,27776
30600,97,2741,3620,5326,-90,506368,100,10835,3350,6656,9216,27776
51175,103,2386,3611,5343,-88,7966,116,11985,3456,7249,9216,8453
51175,103,2386,3611,5343,-77,629824,98,4851,3354,6681,9216,27776
105616,103,2691,3607,5363,-80,700928,106,7545,3361,6703,9216,27776
137712,100,1878,3594,5378,-93,4234496,111,11623,3486,7243,9216,8453
137712,100,1878,3594,5378,-83,682688,99,5379,3371,6728,9216,27776
355904,102,2523,3556,5431,-81,641152,101,2514,3380,6767,9216,27776
322368,99,2028,3556,5454,-75,613888,96,4905,3379,6774,9216,27776
250528,100,1604,3550,5474,-89,8386560,99,4213,3532,7122,9216,8453
250528,100,1604,3550,5474,-74,594368,101,4990,3385,6782,9216,27776
255711,102,2468,3573,5514,-81,7739904,105,6226,3600,7059,9216,8453
255711,102,2468,3573,5514,-76,507392,100,5321,3385,6788,9216,27776
65263,103,1738,3575,5533,-80,711040,117,4238,3377,6787,9216,27776
161344,100,2869,3572,5544,-82,6526080,121,21718,3624,6920,9216,8453
161344,100,2869,3572,5544,-76,793791,104,2527,3377,6787,9216,27776
100671,100,4552,3567,5553,-87,607360,139,19807,3594,6852,9216,8453
100671,100,4552,3567,5553,-70,878911,101,2469,3381,6787,9216,27776
178032,102,3477,3565,5562,-71,936639,103,2946,3386,6795,9216,27776
187360,89,7052,3569,5573,-84,4376384,106,13702,3548,6755,9216,8453
187360,89,7052,3569,5573,-70,1029951,102,5795,3401,6800,9216,27776
187200,101,4389,3578,5587,-93,8236031,109,10239,3574,6740,9216,8453
171680,105,2771,3582,5596,-93,8386560,94,4220,3621,6740,9216,8453
171680,105,2771,3582,5596,-82,3449087,103,4579,3417,6809,9216,27776
171456,102,4127,3592,5607,-84,8386560,108,9011,3655,6726,9216,8453
171456,102,4127,3592,5607,-74,6630911,96,5119,3465,6826,9216,27776
142752,111,3875,3596,5617,-74,3195392,104,7187,3479,6824,9216,27776
129728,99,2175,3601,5621,-74,1296640,108,11202,3476,6807,9216,27776
130784,107,3357,3616,5631,-89,7946239,103,11801,3729,6617,9216,8453
130784,107,3357,3616,5631,-86,1401344,101,6632,3467,6782,9216,27776
400607,107,4114,3633,5634,-92,7713280,113,11085,3716,6567,9216,8453
400607,107,4114,3633,5634,-81,1078016,95,3650,3462,6764,9216,27776
438464,103,2109,3642,5634,-76,986880,103,1560,3459,6750,9216,27776
374080,109,2328,3656,5634,-94,7838208,99,7937,3768,6489,9216,8453
374080,109,2328,3656,5634,-74,1319872,101,4489,3459,6735,9216,27776
259168,100,5047,3667,5624,-70,1465856,98,3728,3468,6723,9216,27776
140960,108,3377,3678,5613,-76,1600640,95,2635,3469,6706,9216,27776
127312,104,3722,3690,5595,-91,8386560,102,3610,3772,6364,9216,8453
127312,104,3722,3690,5595,-78,851008,103,5040,3471,6695,9216,27776
143728,108,5478,3689,5583,-74,1455231,101,2453,3463,6683,9216,27776
160064,87,4249,3692,5568,-71,1978496,100,851,3471,6674,9216,27776
168576,100,2512,3689,5553,-82,1618816,100,1126,3465,6664,9216,27776
173152,104,3461,3702,5541,-88,8386560,104,3997,3721,6217,9216,8453
173152,104,3461,3702,5541,-71,2371968,103,2727,3470,6655,9216,27776
169536,105,3887,3708,5530,-79,2903039,92,9760,3472,6650,9216,27776
161856,101,2886,3704,5516,-87,8256000,101,3569,3684,6180,9216,8453
161856,101,2886,3704,5516,-73,2561792,96,8991,3474,6637,9216,27776
139680,104,5516,3691,5507,-86,6980608,116,5616,3670,6162,9216,8453
139680,104,5516,3691,5507,-78,5374976,105,2356,3487,6633,9216,27776
115360,99,5595,3673,5491,-88,5564928,113,5561,3505,6625,9216,27776
126640,94,4343,3654,5488,-82,5735936,98,6085,3528,6627,9216,27776
136528,111,2936,3630,5483,-88,6737407,100,4336,3672,6132,9216,8453
136528,111,2936,3630,5483,-77,3402240,101,6572,3536,6611,9216,27776
350048,100,4813,3604,5483,-86,6433791,103,3722,3668,6132,9216,8453
350048,100,4813,3604,5483,-84,2768896,102,4191,3521,6589,9216,27776
280928,107,3026,3581,5486,-77,2899456,100,1580,3530,6574,9216,27776
241151,96,2369,3564,5491,-86,8284160,106,4492,3712,6129,9216,8453
241151,96,2369,3564,5491,-84,2848768,99,1754,3540,6566,9216,27776
215168,102,2186,3546,5505,-90,8386560,104,4678,3741,6138,9216,8453
215168,102,2186,3546,5505,-74,2072191,98,3673,3547,6556,9216,27776
224959,97,1560,3524,5515,-76,1572991,100,5143,3553,6536,9216,27776
206944,100,5208,3519,5535,-87,23930,114,11757,3714,6098,9216,8453
206944,100,5208,3519,5535,-84,1760896,103,3076,3552,6511,9216,27776
244288,92,15535,3524,5561,-82,8730,107,8309,3728,6136,9216,8453
244288,92,15535,3524,5561,-74,1020671,114,6837,3543,6489,9216,27776
808160,109,19449,3545,5586,-70,1082368,101,6616,3526,6472,9216,27776
222495,108,18066,3541,5600,-84,1222,92,10512,3733,6210,9216,8453
222495,108,18066,3541,5600,-82,945536,141,22493,3518,6456,9216,27776
979328,98,14789,3550,5618,-70,1051136,191,36542,3511,6444,9216,27776
878336,101,9953,3563,5626,-69,1156864,143,33295,3491,6429,9216,27776
879008,103,16426,3563,5636,-87,1932,127,19827,3746,6398,9216,8453
879008,103,16426,3563,5636,-71,1081472,106,5940,3480,6422,9216,27776
2924544,90,11259,3572,5647,-69,1063104,103,6604,3467,6414,9216,27776
3330048,94,8834,3576,5648,-65,1031743,104,8954,3482,6424,9216,27776
2857728,106,4219,3574,5658,-94,3467,117,21585,3745,6501,9216,8453
2857728,106,4219,3574,5658,-65,1031679,99,4645,3489,6427,9216,27776
469856,106,4148,3565,5656,-91,984,104,10309,3741,6521,9216,8453
469856,106,4148,3565,5656,-85,847424,110,6181,3496,6427,9216,27776
223424,109,4541,3551,5656,-71,834688,104,9695,3503,6436,9216,27776
224576,96,4438,3541,5658,-74,1048960,103,5335,3514,6439,9216,27776
197440,97,3892,3543,5665,-92,2833,92,11432,3734,6597,9216,8453
197440,97,3892,3543,5665,-71,1051711,115,14784,3518,6436,9216,27776
178240,104,5858,3548,5675,-79,1054655,105,10374,3509,6427,9216,27776
181600,95,4357,3556,5687,-81,1146496,97,6920,3496,6425,9216,27776
196576,104,4062,3560,5695,-76,1245184,111,10561,3484,6414,9216,27776
201600,108,4730,3567,5703,-76,1178112,100,9524,3480,6419,9216,27776
230624,99,5729,3570,5706,-66,968640,98,7062,3490,6427,9216,27776
1177600,101,5754,3569,5706,-79,486,147,18411,3707,6589,9216,8453
1177600,101,5754,3569,5706,-76,954687,106,3459,3485,6431,9216,27776
1015488,110,5912,3575,5717,-79,1402,91,11272,3705,6614,9216,8453
1015488,110,5912,3575,5717,-73,1065024,100,1112,3485,6436,9216,27776
1001664,101,5604,3586,5727,-83,1733,102,11691,3704,6643,9216,8453
1001664,101,5604,3586,5727,-80,1067648,98,2677,3503,6445,9216,27776
781056,107,4255,3598,5731,-92,1023,145,15551,3704,6673,9216,8453
781056,107,4255,3598,5731,-82,1086848,101,8478,3518,6451,9216,27776
1591424,95,4313,3611,5740,-77,1167616,107,9383,3495,6436,9216,27776
1913856,102,2904,3624,5740,-74,1158784,102,10925,3480,6452,9216,27776
3122176,100,3819,3634,5753,-84,2379,137,13711,3696,6757,9216,8453
3122176,100,3819,3634,5753,-66,1162624,106,8031,3465,6453,9216,27776
2251392,108,3097,3646,5753,-83,625,140,15621,3700,6792,9216,8453
2251392,108,3097,3646,5753,-76,972543,104,6701,3450,6453,9216,27776
1540607,100,2964,3658,5755,-84,3014,95,13295,3699,6816,9216,8453
1540607,100,2964,3658,5755,-79,890303,97,4351,3451,6460,9216,27776
1524224,105,4381,3681,5763,-80,960,102,14904,3699,6856,9216,8453
1524224,105,4381,3681,5763,-77,1227008,108,4512,3497,6496,9216,27776
1546752,96,2424,3691,5768,-91,1385,141,14277,3695,6878,9216,8453
1546752,96,2424,3691,5768,-81,1108351,95,7232,3508,6504,9216,27776
2140416,99,3884,3698,5768,-88,855,89,12508,3693,6886,9216,8453
2140416,99,3884,3698,5768,-76,919743,100,6604,3513,6505,9216,27776
3019520,100,4356,3708,5769,-87,139,120,19746,3695,6897,9216,8453
3019520,100,4356,3708,5769,-79,1024447,117,6402,3539,6510,9216,27776
3142912,105,5026,3718,5763,-92,1532,153,18230,3696,6915,9216,8453
3142912,105,5026,3718,5763,-80,981311,99,4153,3564,6515,9216,27776
883328,101,5260,3727,5751,-72,1017023,97,7162,3589,6536,9216,27776
216320,110,5867,3732,5731,-89,876,84,11654,3694,6949,9216,8453
216320,110,5867,3732,5731,-88,1021951,103,7307,3613,6541,9216,27776
213696,99,3925,3739,5709,-84,718,121,11933,3697,6966,9216,8453
213696,99,3925,3739,5709,-75,982336,107,9865,3629,6528,9216,27776
1526208,102,6865,3746,5690,-89,2646,153,16313,3700,6991,9216,8453
1526208,102,6865,3746,5690,-79,980799,100,4656,3650,6510,9216,27776
3056640,99,3460,3756,5670,-82,1891,90,11889,3700,7016,9216,8453
3056640,99,3460,3756,5670,-76,941631,104,5754,3670,6503,9216,27776
3293184,97,3885,3763,5651,-92,952,112,12369,3701,7041,9216,8453
3293184,97,3885,3763,5651,-85,928639,95,4816,3688,6502,9216,27776
3188992,98,5140,3762,5625,-88,347,94,18219,3700,7060,9216,8453
3188992,98,5140,3762,5625,-71,955775,101,5800,3705,6500,9216,27776
856640,120,3715,3762,5601,-91,84,98,11358,3699,7080,9216,8453
856640,120,3715,3762,5601,-80,1079103,103,3924,3722,6503,9216,27776
1246720,98,3841,3760,5576,-87,51,109,6244,3699,7092,9216,8453
1246720,98,3841,3760,5576,-79,1188736,100,3318,3741,6511,9216,27776
2122272,97,4660,3757,5553,-83,65,118,9650,3703,7120,9216,8453
2122272,97,4660,3757,5553,-85,1268096,98,3140,3747,6489,9216,27776
586368,107,2007,3748,5539,-74,133,103,12297,3703,7162,9216,8453
586368,107,2007,3748,5539,-86,1237504,102,4112,3751,6471,9216,27776
331808,101,2185,3754,5527,-68,1101952,106,2357,3747,6460,9216,27776
2695936,103,6470,3752,5519,-90,12133,109,15573,3692,7278,9216,8453
2695936,103,6470,3752,5519,-64,1043008,96,3697,3719,6409,9216,27776
1856383,102,4886,3742,5517,-77,7939,83,9667,3686,7331,9216,8453
1856383,102,4886,3742,5517,-79,1140480,100,2765,3702,6366,9216,27776
2160640,102,3137,3745,5507,-77,362626,104,19157,3681,7325,9216,8453
2160640,102,3137,3745,5507,-76,1143168,106,4195,3688,6323,9216,27776
745600,99,3798,3753,5507,-70,565184,105,11329,3642,7291,9216,8453
745600,99,3798,3753,5507,-84,1103744,109,7208,3691,6298,9216,27776
129935,107,4453,3763,5506,-72,420032,116,13021,3619,7209,9216,8453
129935,107,4453,3763,5506,-68,1164288,98,3528,3701,6284,9216,27776
150624,97,7275,3765,5501,-75,634112,92,11167,3595,7123,9216,8453
150624,97,7275,3765,5501,-75,1152000,103,4423,3715,6279,9216,27776
192288,114,4002,3776,5490,-92,1789440,114,12935,3595,7042,9216,8453
192288,114,4002,3776,5490,-78,1095552,95,3113,3724,6264,9216,27776
167520,96,5635,3786,5470,-72,5923840,103,10636,3586,6980,9216,8453
167520,96,5635,3786,5470,-76,1126335,106,9697,3731,6248,9216,27776
154064,88,6616,3789,5451,-74,7280128,85,7192,3592,6928,9216,8453
154064,88,6616,3789,5451,-74,882368,101,5400,3737,6227,9216,27776
586048,95,6072,3800,5428,-86,3597696,122,18530,3608,6875,9216,8453
586048,95,6072,3800,5428,-74,872703,103,4774,3732,6204,9216,27776
293568,110,4873,3808,5410,-72,822848,106,6709,3729,6189,9216,27776
305744,94,4251,3811,5396,-76,723072,101,5771,3728,6177,9216,27776
189120,104,3030,3809,5381,-74,707584,98,4657,3746,6178,9216,27776
213824,104,2522,3815,5369,-87,1911,101,12029,3597,6793,9216,8453
213824,104,2522,3815,5369,-72,657472,103,5358,3739,6166,9216,27776
157088,101,4260,3817,5351,-90,3030,120,10906,3603,6842,9216,8453
157088,101,4260,3817,5351,-81,825216,101,1553,3733,6158,9216,27776
163232,101,4511,3823,5331,-89,3310,99,9651,3604,6909,9216,8453
163232,101,4511,3823,5331,-76,821247,105,7214,3739,6163,9216,27776
170368,111,3796,3831,5307,-80,667072,97,6021,3756,6167,9216,27776
623936,94,3366,3824,5285,-79,561663,124,4358,3747,6164,9216,27776
1920896,98,4822,3826,5265,-78,521856,101,5744,3724,6141,9216,27776
748671,101,4001,3831,5245,-77,385024,94,5251,3713,6118,9216,27776
1351935,110,7751,3824,5225,-93,207,107,9311,3591,7147,9216,8453
1351935,110,7751,3824,5225,-84,407871,112,18365,3710,6111,9216,27776
289712,101,3484,3827,5210,-90,167,112,8920,3588,7148,9216,8453
289712,101,3484,3827,5210,-79,428735,100,11537,3700,6099,9216,27776
131072,100,6050,3824,5197,-87,122,102,7657,3586,7147,9216,8453
131072,100,6050,3824,5197,-74,586560,108,11719,3674,6079,9216,27776
88960,105,4686,3818,5197,-70,573056,92,8973,3677,6082,9216,27776
102127,97,5115,3827,5202,-72,471296,103,5312,3690,6093,9216,27776
95664,108,4723,3840,5213,-89,76,101,11021,3580,7129,9216,8453
95664,108,4723,3840,5213,-76,427776,105,8209,3688,6108,9216,27776
122832,105,3670,3834,5219,-76,420096,98,5265,3686,6113,9216,27776
132767,103,5360,3837,5219,-93,72,94,8152,3582,7090,9216,8453
132767,103,5360,3837,5219,-74,434559,99,4732,3674,6101,9216,27776
96943,92,4130,3837,5213,-74,535615,103,6594,3661,6092,9216,27776
44740,94,4523,3837,5208,-87,110,97,16073,3582,7126,9216,8453
44740,94,4523,3837,5208,-82,559168,101,10551,3652,6087,9216,27776
14088,107,4695,3842,5200,-82,108,95,9277,3574,7144,9216,8453
14088,107,4695,3842,5200,-78,498560,101,11405,3661,6080,9216,27776
8900,107,5272,3844,5192,-81,2142,97,17450,3574,7151,9216,8453
8900,107,5272,3844,5192,-82,426880,155,27422,3661,6082,9216,27776
9179,93,7000,3850,5186,-90,2858,108,9522,3559,7161,9216,8453
9179,93,7000,3850,5186,-76,716416,122,14730,3658,6085,9216,27776
7196,106,6592,3847,5171,-86,626240,99,12617,3668,6107,9216,27776
5319,104,5529,3844,5163,-82,580864,105,6048,3667,6132,9216,27776
5616,99,5562,3847,5152,-87,420,105,13693,3520,7026,9216,8453
5616,99,5562,3847,5152,-72,513088,135,6508,3662,6142,9216,27776
6292,100,3447,3856,5146,-87,3619,94,22626,3513,6987,9216,8453
6292,100,3447,3856,5146,-70,605632,107,11524,3655,6146,9216,27776
7201,99,3886,3861,5137,-83,5548,93,11143,3507,6953,9216,8453
7201,99,3886,3861,5137,-65,785216,102,12708,3651,6159,9216,27776
6565,96,4426,3866,5129,-87,2150,103,10170,3504,6913,9216,8453
6565,96,4426,3866,5129,-76,435328,102,16272,3645,6157,9216,27776
5837,100,5657,3869,5119,-83,567,101,8683,3501,6879,9216,8453
5837,100,5657,3869,5119,-71,275776,94,7076,3637,6158,9216,27776
3877,107,5257,3870,5112,-77,371840,98,10237,3630,6166,9216,27776
5263,95,4784,3872,5107,-82,2901,89,10091,3498,6825,9216,8453
5263,95,4784,3872,5107,-77,332352,124,12793,3639,6181,9216,27776
6017,118,6153,3873,5102,-77,2894,95,8728,3489,6792,9216,8453
6017,118,6153,3873,5102,-76,382656,118,4967,3640,6186,9216,27776
5547,107,4115,3877,5099,-85,1967,104,14877,3480,6770,9216,8453
5547,107,4115,3877,5099,-73,431295,101,6715,3636,6186,9216,27776
5056,97,2823,3881,5095,-84,3211,106,14666,3478,6751,9216,8453
5056,97,2823,3881,5095,-70,521856,108,18755,3623,6185,9216,27776
5918,105,4225,3885,5095,-86,3213,111,8824,3477,6736,9216,8453
5918,105,4225,3885,5095,-62,352960,95,5715,3610,6183,9216,27776
6908,103,3493,3888,5095,-87,2889,101,11241,3472,6718,9216,8453
6908,103,3493,3888,5095,-67,290304,96,8352,3608,6183,9216,27776
7721,94,2263,3892,5095,-87,2688,104,9937,3464,6711,9216,8453
7721,94,2263,3892,5095,-74,169344,98,6629,3605,6190,9216,27776
7558,102,5029,3896,5101,-91,2554,118,10873,3460,6698,9216,8453
7558,102,5029,3896,5101,-77,57832,107,2837,3603,6193,9216,27776
4852,107,6402,3902,5106,-89,1630,123,20144,3448,6685,9216,8453
4852,107,6402,3902,5106,-70,64904,102,6507,3599,6200,9216,27776
4580,103,4911,3905,5102,-92,851,110,9924,3439,6671,9216,8453
4580,103,4911,3905,5102,-78,253984,99,4937,3591,6202,9216,27776
2786,100,11816,3907,5097,-67,294464,97,12307,3588,6206,9216,27776
6434,103,6477,3910,5087,-67,199679,92,13726,3587,6214,9216,27776
6888,99,5141,3912,5080,-86,1017,102,6350,3426,6685,9216,8453
6888,99,5141,3912,5080,-67,222912,104,6242,3583,6229,9216,27776
7025,97,3735,3915,5073,-84,518,102,7121,3427,6695,9216,8453
7025,97,3735,3915,5073,-68,201312,97,9141,3585,6244,9216,27776
6140,97,3407,3918,5062,-84,413,105,5872,3425,6712,9216,8453
6140,97,3407,3918,5062,-73,171967,110,6550,3585,6254,9216,27776
4384,88,6687,3922,5054,-82,582,97,12961,3421,6719,9216,8453
4384,88,6687,3922,5054,-89,81424,99,17583,3576,6263,9216,27776
3069,90,5742,3924,5045,-64,73440,105,11497,3568,6270,9216,27776
5632,107,6483,3925,5035,-77,792,114,6757,3417,6773,9216,8453
5632,107,6483,3925,5035,-70,145376,111,14455,3569,6283,9216,27776
1056,103,5578,3924,5028,-90,784,105,10999,3410,6796,9216,8453
1056,103,5578,3924,5028,-77,70104,108,16131,3569,6308,9216,27776
529,96,3264,3922,5018,-71,808,107,13039,3406,6801,9216,8453
384,127,8843,3914,5008,-78,1329,104,11744,3405,6815,9216,8453
384,127,8843,3914,5008,-77,31972,94,16195,3568,6328,9216,27776
355,96,9225,3917,5000,-70,1510,96,8333,3407,6833,9216,8453
355,96,9225,3917,5000,-72,125359,101,11529,3567,6337,9216,27776
312,102,3493,3916,4998,-80,1237,99,13596,3416,6822,9216,8453
312,102,3493,3916,4998,-69,105872,117,4611,3565,6344,9216,27776
248,104,2441,3917,4993,-72,828,103,16363,3403,6857,9216,8453
260,96,3322,3914,4989,-80,471,103,12901,3388,6870,9216,8453
260,96,3322,3914,4989,-75,53864,103,5111,3556,6351,9216,27776
294,96,4608,3913,4989,-72,47120,97,9830,3551,6354,9216,27776
356,100,3455,3909,4989,-88,515,94,12734,3370,6858,9216,8453
356,100,3455,3909,4989,-73,34828,97,3858,3550,6361,9216,27776
451,105,3568,3907,4989,-84,533,128,19091,3356,6856,9216,8453
451,105,3568,3907,4989,-66,29639,120,11909,3551,6368,9216,27776
942,98,5334,3900,4986,-78,421,114,6793,3352,6848,9216,8453
942,98,5334,3900,4986,-70,24504,96,15008,3548,6375,9216,27776
816,99,2087,3889,4983,-71,431,96,6596,3345,6841,9216,8453
816,99,2087,3889,4983,-64,18132,117,8634,3546,6386,9216,27776
271,106,3442,3881,4976,-77,180,98,8696,3353,6850,9216,8453
225,97,5573,3868,4968,-85,126,94,9634,3358,6863,9216,8453
225,97,5573,3868,4968,-74,2979,109,6761,3543,6403,9216,27776
819,101,4886,3868,4963,-69,4206,103,4946,3531,6419,9216,27776
824,97,6507,3859,4963,-74,1739,103,13610,3369,7003,9216,8453
824,97,6507,3859,4963,-74,1918,94,9437,3524,6420,9216,27776
512,103,2623,3855,4963,-71,2451,84,9934,3365,7039,9216,8453
512,103,2623,3855,4963,-75,4071,118,14697,3517,6427,9216,27776
275,106,4048,3856,4971,-72,3148,107,11428,3505,6429,9216,27776
309,104,3690,3857,4974,-70,1816,134,15074,3364,7063,9216,8453
309,104,3690,3857,4974,-78,848,109,4526,3485,6427,9216,27776
614,102,2770,3861,4974,-76,1748,90,8770,3361,7073,9216,8453
614,102,2770,3861,4974,-71,1041,97,15113,3476,6427,9216,27776
657,101,3076,3864,4963,-74,2499,110,14139,3357,7078,9216,8453
387,104,3419,3867,4963,-75,4976,96,12526,3344,7062,9216,8453
387,104,3419,3867,4963,-70,1688,106,6616,3472,6442,9216,27776
400,102,2584,3869,4963,-71,5891,124,12884,3340,7048,9216,8453
400,102,2584,3869,4963,-66,1539,112,6005,3477,6451,9216,27776
249,104,2617,3874,4963,-75,4461,124,15264,3330,7035,9216,8453
249,104,2617,3874,4963,-77,1668,101,5714,3473,6454,9216,27776
539,100,2859,3876,4965,-71,2094,95,9957,3331,7018,9216,8453
438,102,3321,3879,4966,-60,1716,100,7417,3461,6463,9216,27776
347,101,2594,3875,4963,-80,1555,114,10895,3334,7030,9216,8453
347,101,2594,3875,4963,-75,1518,111,5029,3458,6465,9216,27776
421,104,2113,3876,4964,-74,2476,105,14826,3321,7020,9216,8453
421,104,2113,3876,4964,-76,1394,94,9303,3459,6472,9216,27776
630,102,3183,3872,4963,-67,1443,108,8396,3462,6474,9216,27776
1460,100,5134,3857,4963,-76,2829,95,9689,3314,7020,9216,8453
1460,100,5134,3857,4963,-65,1211,107,5781,3464,6484,9216,27776
812,102,4424,3853,4963,-76,1258,92,4815,3468,6497,9216,27776
536,101,3810,3849,4965,-86,1796,104,10919,3310,7003,9216,8453
536,101,3810,3849,4965,-71,1350,103,9224,3468,6512,9216,27776
816,95,5558,3842,4971,-84,1684,104,10659,3297,6996,9216,8453
816,95,5558,3842,4971,-69,873,122,8996,3467,6517,9216,27776
735,103,5119,3841,4971,-92,1475,103,9239,3291,6984,9216,8453
735,103,5119,3841,4971,-67,867,98,1992,3469,6524,9216,27776
1002,97,3576,3837,4981,-87,1797,151,17191,3295,6986,9216,8453
1002,97,3576,3837,4981,-72,783,102,11440,3471,6533,9216,27776
974,103,5830,3827,4983,-68,1178,120,6818,3470,6538,9216,27776
738,104,5651,3817,4989,-90,1756,102,6596,3287,6974,9216,8453
738,104,5651,3817,4989,-72,1059,98,6326,3465,6558,9216,27776
691,102,3571,3815,4995,-80,2008,108,15058,3284,6973,9216,8453
1149,106,5251,3808,5003,-77,1926,94,9590,3284,6975,9216,8453
1149,106,5251,3808,5003,-75,1920,101,8423,3468,6577,9216,27776
1068,102,7115,3809,5013,-86,1549,98,2971,3275,6983,9216,8453
1068,102,7115,3809,5013,-64,2034,107,6262,3465,6580,9216,27776
801,100,5056,3809,5023,-80,2295,92,3919,3264,6980,9216,8453
801,100,5056,3809,5023,-59,2094,99,3142,3457,6587,9216,27776
810,103,5221,3812,5030,-80,2387,91,9742,3267,6983,9216,8453
760,104,3425,3813,5038,-78,1370,94,7713,3275,6982,9216,8453
760,104,3425,3813,5038,-61,1803,99,2383,3460,6590,9216,27776
646,100,3802,3816,5038,-76,1154,96,3556,3268,7004,9216,8453
646,100,3802,3816,5038,-60,1671,97,5479,3457,6607,9216,27776
714,107,5170,3816,5048,-83,1306,105,7486,3263,7012,9216,8453
714,107,5170,3816,5048,-64,1606,108,6818,3456,6617,9216,27776
880,102,5138,3817,5048,-73,2032,109,14073,3251,7010,9216,8453
880,102,5138,3817,5048,-71,1631,88,5154,3449,6620,9216,27776
932,96,3975,3819,5051,-69,3126,108,9040,3252,7025,9216,8453
932,96,3975,3819,5051,-72,2025,117,7873,3451,6627,9216,27776
985,102,2341,3820,5060,-69,2347,93,6118,3447,6630,9216,27776
1252,106,4150,3820,5060,-78,26,98,14886,3243,7028,9216,8453
1252,106,4150,3820,5060,-64,3035,87,8151,3446,6630,9216,27776
1252,101,6049,3812,5058,-64,0,91,12504,3252,7046,9216,8453
1252,101,6049,3812,5058,-66,3289,118,10540,3442,6627,9216,27776
1425,102,4045,3817,5058,-67,0,99,16331,3260,7119,9216,8453
1425,102,4045,3817,5058,-70,3579,113,7678,3440,6627,9216,27776
1211,86,5500,3812,5058,-74,0,113,16730,3264,7198,9216,8453
1211,86,5500,3812,5058,-74,3626,90,8373,3435,6627,9216,27776
1140,119,12934,3817,5058,-73,0,105,10744,3269,7273,9216,8453
1140,119,12934,3817,5058,-62,4599,117,7349,3430,6636,9216,27776
1139,106,5041,3810,5060,-78,0,97,15520,3271,7345,9216,8453
1139,106,5041,3810,5060,-61,3165,108,5329,3430,6636,9216,27776
1161,107,4723,3814,5068,-87,0,134,16512,3276,7408,9216,8453
1161,107,4723,3814,5068,-65,6311,100,6959,3426,6646,9216,27776
1175,108,3744,3816,5068,-81,0,158,8060,3280,7467,9216,8453
1175,108,3744,3816,5068,-66,6022,94,6108,3418,6646,9216,27776
1409,99,2294,3815,5078,-62,0,111,13777,3284,7516,9216,8453
1409,99,2294,3815,5078,-61,5604,106,8060,3413,6650,9216,27776
1144,99,3746,3815,5080,-67,0,99,11201,3286,7561,9216,8453
1144,99,3746,3815,5080,-62,5404,109,7612,3401,6652,9216,27776
1174,101,2373,3816,5087,-78,0,123,14110,3290,7597,9216,8453
1174,101,2373,3816,5087,-70,4198,105,11426,3398,6660,9216,27776
868,104,2903,3814,5094,-74,0,125,14925,3293,7637,9216,8453
868,104,2903,3814,5094,-58,5307,98,9167,3397,6669,9216,27776
1675,105,1675,3817,5102,-75,0,129,16400,3295,7676,9216,8453
1675,105,1675,3817,5102,-71,7152,107,6322,3391,6677,9216,27776
1290,101,4197,3818,5107,-62,172,92,11253,3305,7720,9216,8453
1290,101,4197,3818,5107,-68,12598,115,12672,3379,6679,9216,27776
816,99,3780,3812,5109,-74,4522,90,9215,3284,7769,9216,8453
816,99,3780,3812,5109,-69,27676,87,16269,3364,6688,9216,27776
752,107,4322,3813,5107,-91,2387,110,25062,3283,7749,9216,8453
752,107,4322,3813,5107,-61,11746,111,8417,3356,6698,9216,27776
1214,102,6279,3804,5107,-83,2257,101,4994,3291,7735,9216,8453
1214,102,6279,3804,5107,-71,10900,101,4947,3354,6706,9216,27776
1097,102,2901,3801,5109,-85,2449,110,6591,3291,7716,9216,8453
1097,102,2901,3801,5109,-61,20300,106,7480,3350,6717,9216,27776
1053,98,4445,3799,5117,-68,29112,99,11046,3345,6726,9216,27776
1379,96,3130,3795,5117,-80,719,85,3779,3293,7723,9216,8453
1379,96,3130,3795,5117,-62,33008,97,12484,3340,6739,9216,27776
16131,112,3302,3795,5117,-82,1302,107,7007,3301,7738,9216,8453
16131,112,3302,3795,5117,-60,21912,120,14666,3335,6754,9216,27776
9664,98,2986,3793,5127,-82,5883,102,3595,3320,7778,9216,8453
9664,98,2986,3793,5127,-56,26728,98,9526,3328,6768,9216,27776
19140,98,3109,3793,5126,-75,6019,98,5184,3316,7802,9216,8453
19140,98,3109,3793,5126,-60,26915,99,6700,3316,6777,9216,27776
18034,108,2746,3794,5127,-58,28155,113,6596,3314,6794,9216,27776
18604,96,3194,3795,5127,-88,6639,89,7525,3318,7853,9216,8453
18604,96,3194,3795,5127,-66,38296,108,11466,3318,6809,9216,27776
18592,106,4471,3796,5127,-82,6190,110,7437,3316,7869,9216,8453
18592,106,4471,3796,5127,-59,75264,98,11083,3321,6824,9216,27776
21068,105,3045,3796,5127,-90,5515,114,4811,3318,7863,9216,8453
21068,105,3045,3796,5127,-65,85552,102,13145,3317,6836,9216,27776
21140,97,2111,3795,5127,-78,6198,99,999,3320,7839,9216,8453
23448,108,2132,3795,5127,-85,6376,96,618,3330,7810,9216,8453
23448,108,2132,3795,5127,-69,146640,105,6127,3313,6865,9216,27776
23939,99,2972,3794,5127,-88,6647,95,485,3335,7798,9216,8453
23939,99,2972,3794,5127,-61,88992,113,13972,3308,6875,9216,27776
28071,101,2348,3794,5127,-78,6544,103,2561,3343,7778,9216,8453
28071,101,2348,3794,5127,-67,70064,106,7368,3305,6885,9216,27776
21716,114,3011,3795,5127,-67,86048,107,6168,3309,6898,9216,27776
27132,96,4413,3793,5127,-77,7009,92,4013,3370,7825,9216,8453
27132,96,4413,3793,5127,-70,104336,96,5876,3312,6909,9216,27776
27567,99,969,3794,5132,-76,7116,98,3630,3354,7831,9216,8453
27567,99,969,3794,5132,-61,161552,112,11344,3314,6917,9216,27776
30439,105,3684,3795,5137,-77,7198,97,2466,3355,7829,9216,8453
30439,105,3684,3795,5137,-61,228159,104,9094,3319,6927,9216,27776
22900,111,3056,3796,5137,-84,6038,92,7808,3356,7824,9216,8453
22900,111,3056,3796,5137,-61,318848,81,19673,3320,6937,9216,27776
34420,95,3559,3796,5137,-86,4237,102,4041,3353,7822,9216,8453
34420,95,3559,3796,5137,-65,374143,101,7822,3313,6937,9216,27776
37288,101,1928,3799,5142,-83,2076,98,10634,3357,7809,9216,8453
37288,101,1928,3799,5142,-61,457407,104,4616,3309,6947,9216,27776
40512,108,4697,3797,5147,-90,11374,101,16478,3354,7809,9216,8453
40512,108,4697,3797,5147,-61,453440,110,7213,3318,6953,9216,27776
18664,103,3864,3798,5147,-82,7673,81,22994,3350,7774,9216,8453
18664,103,3864,3798,5147,-58,370624,126,8593,3322,6957,9216,27776
13472,112,2884,3799,5147,-80,15432,130,16590,3348,7732,9216,8453
13472,112,2884,3799,5147,-59,378752,114,11458,3325,6964,9216,27776
15966,96,4036,3798,5156,-80,12558,93,10191,3347,7704,9216,8453
15966,96,4036,3798,5156,-74,382016,99,10638,3329,6970,9216,27776
20002,97,2959,3799,5156,-73,10534,100,8895,3349,7669,9216,8453
22892,108,2267,3798,5156,-78,9364,106,10049,3350,7656,9216,8453
22892,108,2267,3798,5156,-58,297216,84,14127,3339,6979,9216,27776
19752,100,3385,3799,5156,-77,5230,97,5967,3353,7659,9216,8453
19752,100,3385,3799,5156,-51,272832,94,12206,3337,6979,9216,27776
20792,108,4022,3800,5156,-78,5745,99,7251,3363,7686,9216,8453
20792,108,4022,3800,5156,-64,268640,84,9593,3337,6976,9216,27776
25696,105,4743,3798,5156,-76,6688,108,6844,3362,7713,9216,8453
25696,105,4743,3798,5156,-52,325760,114,14150,3338,6970,9216,27776
27984,98,3810,3798,5156,-82,19306,102,16600,3355,7760,9216,8453
27984,98,3810,3798,5156,-55,283616,115,12262,3339,6970,9216,27776
25012,105,2303,3798,5156,-66,33396,104,7047,3349,7763,9216,8453
25012,105,2303,3798,5156,-54,275712,103,5416,3343,6965,9216,27776
26519,104,1444,3798,5158,-88,32600,103,11476,3346,7756,9216,8453
26519,104,1444,3798,5158,-72,285376,97,5191,3346,6960,9216,27776
31132,93,1659,3797,5167,-76,26416,95,3003,3342,7727,9216,8453
31132,93,1659,3797,5167,-58,270048,101,8215,3346,6960,9216,27776
29212,108,5277,3796,5167,-78,25036,108,11392,3343,7675,9216,8453
29212,108,5277,3796,5167,-61,257631,106,4213,3344,6957,9216,27776
33528,97,7991,3792,5162,-76,18040,96,3359,3345,7647,9216,8453
33528,97,7991,3792,5162,-60,256767,106,10327,3334,6947,9216,27776
32476,106,5324,3779,5154,-74,15655,93,1879,3341,7637,9216,8453
32476,106,5324,3779,5154,-69,197792,108,6234,3323,6937,9216,27776
42448,97,5131,3776,5146,-82,16902,93,2640,3334,7611,9216,8453
42448,97,5131,3776,5146,-74,123232,120,9823,3327,6940,9216,27776
64784,100,2354,3774,5144,-74,21760,94,3537,3332,7567,9216,8453
64784,100,2354,3774,5144,-70,155760,100,8880,3327,6935,9216,27776
83791,109,2685,3763,5135,-76,23552,93,3018,3333,7516,9216,8453
83791,109,2685,3763,5135,-84,135168,87,7447,3329,6931,9216,27776
100896,97,3911,3761,5133,-77,24548,98,3340,3330,7489,9216,8453
100896,97,3911,3761,5133,-69,100848,108,7593,3330,6926,9216,27776
111280,102,4353,3761,5132,-76,25059,123,9778,3323,7442,9216,8453
111280,102,4353,3761,5132,-67,72672,104,7400,3332,6931,9216,27776
75480,103,4343,3762,5142,-81,24836,98,18942,3321,7421,9216,8453
75480,103,4343,3762,5142,-70,68016,71,5687,3329,6928,9216,27776
213440,95,5945,3765,5144,-69,71136,110,15075,3328,6921,9216,27776
114639,106,4146,3765,5151,-78,45128,100,13486,3320,7384,9216,8453
114639,106,4146,3765,5151,-84,102576,101,10280,3321,6928,9216,27776
81296,108,3813,3760,5150,-66,29192,94,6173,3321,7369,9216,8453
81296,108,3813,3760,5150,-78,93104,112,24195,3322,6929,9216,27776
61799,94,4609,3750,5148,-73,35108,102,10014,3320,7357,9216,8453
61799,94,4609,3750,5148,-76,88032,99,14935,3324,6929,9216,27776
52551,106,3785,3751,5142,-70,26840,106,12058,3324,7344,9216,8453
52551,106,3785,3751,5142,-77,100847,92,10577,3319,6924,9216,27776
52976,95,4983,3749,5146,-71,29044,108,7962,3322,7347,9216,8453
52976,95,4983,3749,5146,-75,144256,109,9461,3316,6917,9216,27776
59224,101,4447,3745,5144,-88,32887,111,12406,3323,7349,9216,8453
59071,104,4874,3753,5146,-82,205663,98,12727,3310,6917,9216,27776
52464,112,7361,3757,5142,-62,46887,97,4806,3336,7362,9216,8453
52464,112,7361,3757,5142,-87,321792,105,13012,3310,6917,9216,27776
49944,96,6649,3757,5142,-78,38052,98,4961,3339,7377,9216,8453
37207,102,6098,3758,5142,-73,53096,95,11382,3347,7427,9216,8453
37207,102,6098,3758,5142,-86,108736,91,14952,3314,6917,9216,27776
31388,115,5113,3758,5134,-75,61424,138,20227,3340,7441,9216,8453
31388,115,5113,3758,5134,-74,152528,120,10530,3310,6927,9216,27776
23775,95,4118,3763,5132,-91,169104,116,11937,3339,7474,9216,8453
23775,95,4118,3763,5132,-77,201632,97,6653,3310,6927,9216,27776
27866,107,6813,3765,5125,-82,130511,109,7138,3338,7496,9216,8453
27866,107,6813,3765,5125,-65,345728,96,12088,3309,6927,9216,27776
43992,107,5713,3760,5122,-91,133679,88,7498,3335,7496,9216,8453
43992,107,5713,3760,5122,-66,323008,114,9280,3316,6927,9216,27776
30959,101,5564,3760,5122,-82,115584,104,4309,3340,7494,9216,8453
30959,101,5564,3760,5122,-67,228160,92,7444,3318,6927,9216,27776
30872,101,5622,3759,5122,-79,106416,98,6760,3331,7513,9216,8453
30872,101,5622,3759,5122,-70,182080,111,8131,3317,6927,9216,27776
31408,95,6556,3756,5122,-84,208064,115,9660,3330,7508,9216,8453
31408,95,6556,3756,5122,-82,183808,100,4192,3319,6932,9216,27776
25075,111,6330,3754,5122,-82,317200,108,7506,3326,7484,9216,8453
25075,111,6330,3754,5122,-66,202336,103,15783,3320,6929,9216,27776
20944,107,5850,3753,5129,-86,126480,99,8852,3329,7455,9216,8453
20944,107,5850,3753,5129,-67,210975,101,18983,3322,6927,9216,27776
18116,107,3817,3752,5132,-72,129392,87,17537,3324,7481,9216,8453
18116,107,3817,3752,5132,-62,182016,108,6649,3324,6929,9216,27776
16123,104,5127,3753,5134,-72,170544,90,14394,3317,7466,9216,8453
16123,104,5127,3753,5134,-70,227840,99,17033,3326,6931,9216,27776
20052,107,6231,3751,5142,-75,111552,113,7902,3317,7434,9216,8453
20052,107,6231,3751,5142,-65,202751,117,12303,3327,6931,9216,27776
30815,98,10437,3748,5144,-90,148336,112,9526,3313,7409,9216,8453
30815,98,10437,3748,5144,-75,284192,99,10974,3316,6917,9216,27776
21020,106,4617,3745,5151,-64,170176,106,8891,3319,6917,9216,27776
32388,101,3147,3743,5161,-77,103680,105,17284,3314,7344,9216,8453
32388,101,3147,3743,5161,-65,183968,111,11616,3321,6909,9216,27776
30439,105,3554,3744,5161,-83,61368,119,16449,3314,7295,9216,8453
30439,105,3554,3744,5161,-78,187904,103,9757,3326,6910,9216,27776
39376,102,6289,3745,5166,-72,15624,93,10217,3315,7279,9216,8453
39376,102,6289,3745,5166,-80,185280,107,11437,3327,6911,9216,27776
53496,105,2447,3745,5172,-76,82656,101,12341,3310,7287,9216,8453
53496,105,2447,3745,5172,-88,143872,101,11585,3331,6908,9216,27776
63560,102,2830,3746,5172,-84,166464,107,9250,3303,7287,9216,8453
63560,102,2830,3746,5172,-72,161216,101,10068,3331,6901,9216,27776
59535,101,2894,3748,5172,-80,146304,108,14292,3303,7280,9216,8453
59535,101,2894,3748,5172,-75,250143,101,11080,3333,6901,9216,27776
45160,99,3218,3747,5172,-78,234080,83,8944,3304,7267,9216,8453
45160,99,3218,3747,5172,-66,572607,83,11022,3329,6896,9216,27776
48000,103,3994,3748,5172,-82,215455,88,6711,3306,7260,9216,8453
48000,103,3994,3748,5172,-74,575935,102,8818,3327,6891,9216,27776
51448,107,3289,3745,5172,-76,600640,102,4497,3323,6888,9216,27776
51376,110,5771,3745,5172,-74,221952,98,21331,3313,7237,9216,8453
51376,110,5771,3745,5172,-75,539135,104,10070,3321,6888,9216,27776
49168,101,3965,3743,5176,-89,87319,109,16350,3316,7237,9216,8453
49168,101,3965,3743,5176,-70,499712,99,11046,3321,6888,9216,27776
44456,103,4368,3738,5172,-85,107960,108,10989,3338,7237,9216,8453
44456,103,4368,3738,5172,-77,625920,108,8964,3323,6889,9216,27776
48488,104,3187,3735,5174,-76,70432,96,12219,3332,7259,9216,8453
48488,104,3187,3735,5174,-67,591872,98,8907,3312,6888,9216,27776
40472,97,3343,3735,5174,-72,73616,106,9686,3321,7281,9216,8453
40472,97,3343,3735,5174,-72,459008,130,9587,3308,6888,9216,27776
21662,103,4555,3729,5179,-78,91048,103,9563,3320,7285,9216,8453
21662,103,4555,3729,5179,-68,352832,130,11979,3304,6893,9216,27776
15686,105,5064,3721,5178,-69,417728,96,9376,3316,7306,9216,8453
15686,105,5064,3721,5178,-70,531520,122,14621,3305,6900,9216,27776
17266,109,2995,3715,5193,-67,178304,103,8608,3307,7301,9216,8453
17266,109,2995,3715,5193,-77,551360,116,16428,3307,6912,9216,27776
22868,97,3770,3702,5204,-71,134072,107,12215,3304,7282,9216,8453
22868,97,3770,3702,5204,-65,422080,119,14628,3308,6919,9216,27776
30364,107,6492,3706,5218,-75,510016,102,5094,3313,6924,9216,27776
32676,99,2651,3702,5227,-73,142352,97,19033,3298,7238,9216,8453
32676,99,2651,3702,5227,-64,480320,102,4374,3313,6934,9216,27776
42872,108,4782,3700,5235,-70,124144,107,11780,3297,7211,9216,8453
42872,108,4782,3700,5235,-76,605504,99,7986,3320,6947,9216,27776
67575,98,1593,3707,5245,-84,294800,98,10550,3291,7207,9216,8453
67575,98,1593,3707,5245,-61,672256,110,8212,3324,6953,9216,27776
63608,111,3011,3707,5254,-68,767360,99,11533,3283,7193,9216,8453
63608,111,3011,3707,5254,-69,535296,109,13006,3328,6970,9216,27776
57232,98,2917,3703,5262,-70,298240,115,15235,3286,7172,9216,8453
57232,98,2917,3703,5262,-83,676608,111,10134,3322,6975,9216,27776
50568,95,2561,3699,5275,-64,325312,95,1626,3293,7167,9216,8453
50568,95,2561,3699,5275,-65,772800,100,3315,3318,6976,9216,27776
47984,113,3794,3694,5291,-70,299136,95,1059,3302,7159,9216,8453
47984,113,3794,3694,5291,-68,739904,98,1599,3319,6976,9216,27776
43496,100,3170,3687,5307,-75,298752,95,3021,3306,7159,9216,8453
43496,100,3170,3687,5307,-65,589696,100,2300,3318,6976,9216,27776
46120,110,5491,3686,5321,-78,287232,117,10259,3313,7157,9216,8453
46120,110,5491,3686,5321,-73,570624,100,4209,3318,6976,9216,27776
45096,104,6386,3680,5330,-71,216320,97,10382,3318,7156,9216,8453
45096,104,6386,3680,5330,-68,569536,103,3852,3314,6976,9216,27776
36752,105,4145,3685,5348,-72,561088,119,11232,3309,6986,9216,27776
31547,105,7105,3677,5361,-68,779584,126,18573,3305,7003,9216,27776
24020,102,6051,3686,5382,-79,107280,100,18815,3304,7142,9216,8453
24020,102,6051,3686,5382,-65,318432,112,24373,3306,7020,9216,27776
26167,104,4372,3688,5400,-87,91184,93,7508,3295,7137,9216,8453
26167,104,4372,3688,5400,-74,409088,102,13515,3304,7054,9216,27776
41599,102,3749,3690,5413,-77,249472,113,7559,3311,7069,9216,27776
201848,105,4393,3691,5422,-78,247071,101,1478,3313,7081,9216,27776
87424,105,3981,3692,5427,-80,321568,100,3615,3315,7091,9216,27776
68752,98,4678,3695,5433,-76,446016,101,5767,3315,7098,9216,27776
76896,97,4586,3698,5433,-80,502080,105,5327,3314,7103,9216,27776
67904,110,7079,3700,5443,-82,479360,106,1998,3309,7113,9216,27776
5843,111,4478,3704,5443,-88,38896,100,12420,3280,7161,9216,8453
5843,111,4478,3704,5443,-88,387136,114,2709,3303,7128,9216,27776
5000,97,4865,3706,5443,-86,41016,93,5064,3302,7192,9216,8453
5000,97,4865,3706,5443,-82,333056,106,4120,3292,7130,9216,27776
4685,101,4942,3700,5440,-88,307456,99,5156,3283,7122,9216,27776
1896,98,4704,3660,5183,-91,18963,109,4156,3333,7300,9216,8453
1623,100,2276,3633,4964,-85,4268,92,3353,3334,7290,9216,8453
3740,104,2633,3630,4905,-86,291712,87,11901,3271,7190,9216,27776
2370,100,3006,3621,4849,-86,301216,109,13067,3272,7198,9216,27776
1723,102,3117,3617,4799,-90,955,95,3195,3334,7264,9216,8453
1723,102,3117,3617,4799,-82,265280,90,7057,3278,7208,9216,27776
2274,103,3481,3598,4701,-78,446,97,5651,3322,7265,9216,8453
2274,103,3481,3598,4701,-90,337664,102,10649,3278,7193,9216,27776
1615,104,3501,3596,4660,-91,373248,93,9787,3279,7180,9216,27776
1997,105,5888,3594,4613,-80,301,97,4048,3299,7172,9216,8453
1708,106,4307,3587,4571,-81,285,104,2767,3296,7088,9216,8453
1708,106,4307,3587,4571,-89,339200,113,12298,3283,7178,9216,27776
1977,101,3226,3577,4492,-89,203456,101,12548,3274,7178,9216,27776
1775,100,3834,3573,4454,-83,15459,123,25644,3284,6852,9216,8453
2804,107,5060,3570,4424,-89,170656,93,6202,3278,7188,9216,27776
2311,104,5775,3566,4394,-67,31064,105,14543,3221,6683,9216,8453
2311,104,5775,3566,4394,-89,49200,99,8668,3281,7183,9216,27776
2061,109,5410,3559,4367,-82,41480,88,12610,3279,7188,9216,27776
2454,104,7997,3557,4342,-78,17836,105,7886,3190,6537,9216,8453
2454,104,7997,3557,4342,-87,22632,110,12596,3278,7190,9216,27776
2670,108,7760,3546,4315,-77,16900,97,7410,3259,7203,9216,27776
3436,107,1559,3554,4295,-72,32023,109,8461,3146,6407,9216,8453
3436,107,1559,3554,4295,-74,21932,139,15421,3235,7177,9216,27776
3848,101,425,3555,4275,-82,17288,105,8262,3226,7124,9216,27776
3808,101,264,3558,4258,-74,20497,102,7396,3124,6306,9216,8453
3808,101,264,3558,4258,-83,38760,104,14785,3194,7067,9216,27776
3792,102,174,3558,4241,-81,67311,104,9680,3185,7008,9216,27776
3768,101,151,3557,4224,-81,56992,113,18119,3171,6944,9216,27776
3768,101,133,3557,4205,-88,2311,91,8473,3118,6208,9216,8453
3768,101,133,3557,4205,-79,23484,105,7574,3154,6881,9216,27776
3768,101,89,3555,4190,-85,1928,95,3785,3123,6179,9216,8453
3752,101,79,3553,4170,-88,1957,94,1909,3117,6149,9216,8453
3752,101,79,3553,4170,-82,25731,103,8047,3118,6779,9216,27776
3752,101,80,3550,4155,-91,1712,94,1328,3128,6122,9216,8453
3752,101,80,3550,4155,-76,16595,93,8322,3101,6742,9216,27776
3742,100,91,3538,4135,-86,1659,101,3277,3126,6095,9216,8453
3742,100,91,3538,4135,-88,18068,103,5684,3088,6708,9216,27776
3364,101,100,3531,4121,-78,1109,119,13421,3137,6070,9216,8453
3364,101,100,3531,4121,-86,15140,115,6910,3076,6680,9216,27776
2753,101,77,3529,4111,-84,8757,102,6870,3138,6080,9216,8453
3598,101,99,3525,4104,-79,12056,100,12314,3106,6050,9216,8453
3598,101,99,3525,4104,-88,11482,111,12260,3049,6621,9216,27776
3752,101,89,3524,4096,-88,9912,99,793,3062,6597,9216,27776
3759,100,71,3524,4089,-88,18692,109,6666,3068,6008,9216,8453
3759,100,71,3524,4089,-86,10056,103,375,3073,6569,9216,27776
3736,101,97,3522,4089,-85,18472,98,122,3066,5992,9216,8453
3767,101,92,3521,4082,-84,18200,98,68,3063,5975,9216,8453
3767,101,92,3521,4082,-87,10966,100,144,3088,6532,9216,27776
3744,101,81,3520,4080,-82,17976,98,139,3063,5958,9216,8453
3744,101,81,3520,4080,-89,11744,99,140,3091,6513,9216,27776
3752,101,84,3520,4080,-88,11012,99,129,3096,6493,9216,27776
3768,101,71,3520,4080,-84,18560,99,77,3037,5925,9216,8453
3792,101,101,3522,4077,-85,19008,99,63,3024,5904,9216,8453
3792,101,101,3522,4077,-87,9848,99,146,3103,6454,9216,27776
3800,100,90,3525,4080,-82,19352,99,83,3014,5889,9216,8453
3800,100,90,3525,4080,-88,9816,100,153,3106,6435,9216,27776
3832,101,89,3527,4072,-88,19656,99,120,3010,5876,9216,8453
3832,101,89,3527,4072,-85,9816,99,152,3108,6420,9216,27776
3832,101,82,3526,4070,-82,19816,99,114,3001,5863,9216,8453
3864,100,82,3527,4070,-84,20008,99,42,2997,5852,9216,8453
3880,101,82,3522,4062,-88,20152,99,902,2997,5845,9216,8453
3880,101,82,3522,4062,-89,9912,99,132,3113,6372,9216,27776
3896,101,84,3515,4055,-86,20296,99,44,2990,5835,9216,8453
3896,101,84,3515,4055,-87,9824,100,150,3117,6345,9216,27776
3912,100,91,3509,4050,-83,20408,100,47,2999,5837,9216,8453
3912,100,91,3509,4050,-89,9664,100,135,3117,6330,9216,27776
3920,101,96,3505,4048,-87,20512,99,42,3005,5839,9216,8453
3920,101,96,3505,4048,-85,9776,99,147,3119,6318,9216,27776
3935,101,90,3499,4043,-85,20560,99,49,3007,5838,9216,8453
3935,100,75,3494,4038,-87,20576,99,49,3006,5833,9216,8453
3935,100,75,3494,4038,-85,9736,99,144,3123,6294,9216,27776
3928,100,87,3490,4038,-85,20688,99,60,2993,5830,9216,8453
3928,100,87,3490,4038,-88,9640,99,147,3124,6284,9216,27776
3928,100,96,3491,4040,-90,20776,99,50,2971,5818,9216,8453
3928,100,96,3491,4040,-87,9688,99,146,3126,6272,9216,27776
3928,101,92,3492,4048,-82,20776,99,129,2963,5818,9216,8453
3928,101,92,3492,4048,-88,9696,99,145,3127,6259,9216,27776
3935,101,93,3490,4048,-85,20760,99,49,2952,5818,9216,8453
3912,100,91,3492,4048,-83,20680,99,127,2941,5817,9216,8453
3912,100,91,3492,4048,-88,9536,99,141,3130,6242,9216,27776
3872,100,94,3494,4048,-83,20504,99,52,2941,5817,9216,8453
3872,100,94,3494,4048,-85,10822,99,138,3128,6232,9216,27776
3832,101,78,3494,4048,-86,20296,99,122,2927,5815,9216,8453
3784,101,78,3489,4048,-85,10224,99,146,3128,6215,9216,27776
3752,101,87,3480,4046,-87,20248,99,85,2887,5812,9216,8453
3752,101,87,3480,4046,-86,9800,99,144,3129,6208,9216,27776
3752,100,84,3475,4046,-85,20064,99,91,2883,5819,9216,8453
3756,100,88,3471,4046,-87,19992,100,57,2859,5826,9216,8453
3781,101,82,3466,4046,-87,19952,99,184,2842,5842,9216,8453
3781,101,82,3466,4046,-86,9472,99,132,3125,6174,9216,27776
3744,101,68,3462,4051,-86,19976,100,162,2831,5852,9216,8453
3744,101,68,3462,4051,-87,10304,99,139,3124,6174,9216,27776
3768,101,75,3460,4056,-82,20072,100,231,2825,5867,9216,8453
3768,101,75,3460,4056,-89,10760,99,142,3123,6171,9216,27776
3824,100,71,3455,4056,-83,20240,100,201,2803,5876,9216,8453
3824,100,71,3455,4056,-88,10008,99,150,3122,6164,9216,27776
3848,101,87,3454,4056,-87,20328,99,130,2789,5886,9216,8453
3896,101,82,3452,4066,-86,20552,100,115,2783,5896,9216,8453
3959,101,92,3452,4065,-84,20768,100,118,2778,5912,9216,8453
3959,101,92,3452,4065,-87,11952,99,143,3117,6156,9216,27776
4007,100,84,3453,4072,-84,20992,100,105,2788,5925,9216,8453
4056,101,79,3452,4075,-86,21216,100,99,2788,5937,9216,8453
4056,101,79,3452,4075,-87,12096,99,141,3118,6154,9216,27776
4104,100,72,3452,4077,-87,12080,99,136,3119,6154,9216,27776
4136,101,75,3448,4083,-83,21684,100,120,2791,5969,9216,8453
4136,101,75,3448,4083,-86,12048,99,139,3121,6154,9216,27776
4168,100,82,3442,4083,-88,11470,99,142,3120,6149,9216,27776
4184,100,81,3439,4083,-86,22096,100,132,2776,5994,9216,8453
4216,101,90,3438,4093,-82,22336,100,236,2772,6002,9216,8453
4216,101,90,3438,4093,-86,10104,99,143,3122,6145,9216,27776
4248,101,91,3436,4093,-86,9944,99,147,3123,6145,9216,27776
4272,101,90,3425,4097,-84,22664,100,213,2748,6024,9216,8453
4272,101,90,3425,4097,-86,9696,99,142,3124,6145,9216,27776
4280,101,86,3427,4103,-86,22872,100,93,2728,6029,9216,8453
4280,101,86,3427,4103,-86,9624,99,157,3124,6145,9216,27776
4296,100,84,3429,4113,-89,23072,100,110,2708,6062,9216,8453
4313,101,100,3429,4123,-86,23232,99,141,2687,6093,9216,8453
4307,101,79,3431,4123,-87,23432,100,130,2673,6107,9216,8453
4307,101,79,3431,4123,-87,9736,99,140,3112,6124,9216,27776
4316,101,85,3432,4133,-84,23520,100,199,2666,6122,9216,8453
4324,101,91,3427,4133,-84,23528,100,302,2662,6136,9216,8453
4316,100,82,3423,4131,-80,23432,96,2117,2651,6153,9216,8453
4316,101,92,3420,4137,-80,22864,99,131,2641,6172,9216,8453
4316,101,92,3420,4137,-91,9392,107,6574,3084,6103,9216,27776
4324,101,80,3420,4140,-79,22800,99,154,2636,6187,9216,8453
4348,100,77,3423,4142,-82,8255,100,2923,3063,6100,9216,27776
4348,100,93,3428,4152,-82,22856,99,120,2617,6218,9216,8453
4348,101,88,3429,4152,-82,8926,102,7085,3031,6099,9216,27776
4348,101,85,3420,4151,-77,22456,99,69,2613,6247,9216,8453
4348,101,85,3420,4151,-86,7625,93,4025,3008,6107,9216,27776
4348,101,91,3415,4153,-80,22040,99,97,2612,6270,9216,8453
4332,101,85,3415,4160,-79,22624,99,119,2600,6291,9216,8453
4340,101,84,3416,4160,-82,22544,100,79,2600,6305,9216,8453
4340,101,84,3416,4160,-78,10334,97,4060,2990,6123,9216,27776
4340,101,73,3417,4160,-84,22376,99,62,2604,6331,9216,8453
4340,101,73,3417,4160,-78,10576,99,1037,2989,6128,9216,27776
4332,101,89,3416,4160,-78,22512,100,80,2610,6362,9216,8453
4332,101,89,3416,4160,-80,10616,99,809,2994,6133,9216,27776
4211,100,89,3418,4165,-76,22784,99,64,2611,6383,9216,8453
2768,102,1711,3420,4170,-78,22840,99,68,2610,6407,9216,8453
2768,102,1711,3420,4170,-71,10272,100,1353,2997,6143,9216,27776
2479,104,4224,3421,4170,-68,22928,99,79,2612,6432,9216,8453
2479,104,4224,3421,4170,-90,10048,98,1024,3001,6149,9216,27776
1876,99,1802,3407,4170,-68,22928,99,85,2611,6459,9216,8453
1876,99,1802,3407,4170,-82,9804,96,2390,3006,6152,9216,27776
1538,101,2632,3412,4170,-74,22976,99,183,2605,6483,9216,8453
1538,101,2632,3412,4170,-80,9602,98,1215,3008,6152,9216,27776
3274,100,2021,3413,4180,-71,22952,99,70,2604,6503,9216,8453
3274,100,2021,3413,4180,-78,9800,98,607,3004,6145,9216,27776
2632,100,4889,3405,4180,-68,22952,98,77,2605,6519,9216,8453
2632,100,4889,3405,4180,-75,9952,100,2095,3006,6143,9216,27776
1694,103,4045,3398,4187,-70,22976,99,92,2604,6536,9216,8453
1694,103,4045,3398,4187,-75,10128,100,1314,3005,6143,9216,27776
1506,97,4198,3394,4194,-63,22944,99,84,2601,6558,9216,8453
1506,97,4198,3394,4194,-76,10144,99,1516,3004,6143,9216,27776
1791,101,2413,3391,4203,-58,22960,99,64,2598,6577,9216,8453
1791,101,2413,3391,4203,-77,10272,99,1087,3005,6152,9216,27776
2057,101,350,3394,4214,-58,22960,99,97,2601,6601,9216,8453
2057,101,350,3394,4214,-70,10208,99,760,3007,6152,9216,27776
1994,101,5389,3397,4221,-69,22936,99,126,2599,6627,9216,8453
1994,101,5389,3397,4221,-82,10408,91,2688,3008,6152,9216,27776
2230,100,552,3402,4231,-65,22912,99,102,2598,6649,9216,8453
2230,100,552,3402,4231,-79,10864,86,3241,3003,6152,9216,27776
2356,101,716,3406,4238,-63,22864,99,84,2597,6669,9216,8453
2356,101,716,3406,4238,-77,10204,103,5422,3000,6152,9216,27776
2384,101,107,3408,4248,-64,22744,99,89,2596,6693,9216,8453
2384,101,107,3408,4248,-81,10508,96,7543,2998,6152,9216,27776
2396,100,118,3412,4250,-62,22512,100,82,2600,6712,9216,8453
2396,100,118,3412,4250,-74,10972,93,7767,2989,6152,9216,27776
2404,101,111,3416,4258,-61,22136,99,68,2595,6727,9216,8453
2404,101,111,3416,4258,-68,11368,103,5413,2986,6147,9216,27776
2416,100,100,3420,4258,-61,22280,99,78,2588,6739,9216,8453
2416,100,100,3420,4258,-70,12292,104,7594,2987,6162,9216,27776
2408,100,90,3423,4259,-64,22080,99,81,2591,6748,9216,8453
2408,100,90,3423,4259,-86,11648,88,5478,2988,6172,9216,27776
2400,101,91,3426,4260,-64,20888,99,73,2592,6758,9216,8453
2400,101,91,3426,4260,-77,7930,87,8248,2983,6172,9216,27776
2400,101,78,3431,4260,-64,19472,169,11170,2594,6771,9216,8453
2400,101,78,3431,4260,-73,9182,101,3528,2985,6181,9216,27776
2400,101,80,3432,4260,-64,24515,98,8680,2594,6773,9216,8453
2400,101,80,3432,4260,-70,9208,103,8663,2990,6192,9216,27776
2400,101,85,3437,4260,-66,16138,102,13416,2575,6776,9216,8453
2400,101,85,3437,4260,-80,11718,106,7748,2993,6198,9216,27776
2404,100,88,3438,4260,-67,18128,88,7591,2568,6780,9216,8453
2404,100,88,3438,4260,-72,9618,131,14500,2990,6203,9216,27776
2408,100,83,3441,4255,-61,16610,120,15146,2572,6799,9216,8453
2408,100,83,3441,4255,-77,8670,108,10753,2987,6206,9216,27776
2404,101,65,3442,4251,-76,10664,93,6468,2572,6811,9216,8453
2404,101,65,3442,4251,-80,12301,101,8269,2984,6210,9216,27776
2400,100,87,3443,4251,-68,10686,101,13056,2575,6826,9216,8453
2392,101,79,3444,4241,-63,13099,96,7879,2575,6836,9216,8453
2392,101,79,3444,4241,-79,15920,101,1560,2990,6211,9216,27776
2384,101,81,3446,4241,-67,15318,97,15013,2577,6845,9216,8453
2384,101,81,3446,4241,-84,14919,100,1154,2989,6216,9216,27776
2372,101,88,3447,4236,-59,20200,94,13776,2576,6853,9216,8453
2372,101,88,3447,4236,-77,14040,104,2145,2981,6218,9216,27776
2368,100,98,3446,4231,-66,22960,103,6781,2574,6860,9216,8453
2368,100,98,3446,4231,-81,13586,100,1713,2976,6218,9216,27776
2372,100,85,3448,4231,-56,22880,105,4591,2576,6872,9216,8453
2372,100,85,3448,4231,-76,11576,92,5328,2965,6213,9216,27776
2356,100,93,3448,4221,-64,21432,117,18947,2575,6884,9216,8453
2356,100,93,3448,4221,-82,9380,100,4926,2969,6218,9216,27776
2356,100,88,3449,4221,-73,13662,116,16199,2574,6894,9216,8453
2356,100,88,3449,4221,-72,8532,92,5039,2971,6220,9216,27776
2344,101,89,3449,4216,-83,6704,118,11456,2577,6901,9216,8453
2344,101,89,3449,4216,-70,7816,99,2366,2973,6232,9216,27776
2340,101,78,3449,4211,-59,21316,94,15678,2575,6908,9216,8453
2340,101,78,3449,4211,-70,7551,102,6919,2971,6243,9216,27776
2328,101,96,3450,4211,-58,35384,98,6509,2563,6917,9216,8453
2328,101,96,3450,4211,-73,10300,98,4077,2944,6243,9216,27776
2292,101,86,3451,4212,-67,36128,90,4107,2559,6927,9216,8453
2292,101,86,3451,4212,-73,15367,96,5634,2930,6245,9216,27776
2207,101,160,3452,4204,-67,38552,115,17903,2556,6939,9216,8453
2207,101,160,3452,4204,-75,21652,96,7179,2938,6253,9216,27776
2259,100,135,3453,4204,-66,44512,111,7281,2560,6951,9216,8453
2259,100,135,3453,4204,-71,15580,101,6995,2936,6260,9216,27776
2292,101,112,3455,4204,-75,21524,94,4334,2560,6961,9216,8453
2292,101,112,3455,4204,-64,21352,97,9241,2927,6258,9216,27776
2316,100,68,3457,4204,-64,35876,126,17501,2563,6971,9216,8453
2316,100,68,3457,4204,-70,14716,97,26796,2919,6261,9216,27776
2332,101,71,3458,4194,-80,73664,107,18285,2564,6979,9216,8453
2332,101,71,3458,4194,-78,21634,115,10154,2920,6277,9216,27776
2344,101,93,3458,4194,-64,42996,100,28815,2562,6988,9216,8453
2344,101,93,3458,4194,-70,26407,123,13704,2918,6281,9216,27776
2348,101,75,3458,4194,-62,1150,95,352,2559,6995,9216,8453
2352,100,75,3458,4185,-63,1174,95,79,2560,7000,9216,8453
2352,100,75,3458,4185,-68,19040,110,5411,2916,6280,9216,27776
2364,100,71,3459,4183,-64,1178,95,65,2561,7005,9216,8453
2364,100,71,3459,4183,-72,18664,118,8982,2913,6279,9216,27776
2356,100,83,3460,4183,-64,1162,95,83,2562,7007,9216,8453
2356,100,83,3460,4183,-82,20808,96,9893,2911,6281,9216,27776
2356,101,88,3460,4183,-63,1146,95,64,2563,7011,9216,8453
2356,101,88,3460,4183,-76,25292,104,6638,2907,6279,9216,27776
2368,101,98,3459,4183,-64,1142,95,80,2562,7014,9216,8453
2368,101,98,3459,4183,-62,23544,100,9745,2890,6278,9216,27776
2368,101,80,3460,4176,-63,1126,95,83,2563,7014,9216,8453
2368,101,80,3460,4176,-70,25248,107,6542,2873,6276,9216,27776
2372,101,79,3459,4174,-65,1110,95,72,2565,7015,9216,8453
2372,101,79,3459,4174,-64,26015,98,4541,2873,6281,9216,27776
2380,100,90,3460,4174,-64,1110,95,93,2564,7014,9216,8453
2380,100,90,3460,4174,-61,26808,103,15264,2871,6286,9216,27776
2372,100,100,3460,4174,-64,1094,95,78,2565,7015,9216,8453
2372,100,100,3460,4174,-67,23348,114,13681,2860,6291,9216,27776
2380,101,96,3459,4174,-64,1094,96,72,2567,7019,9216,8453
2380,101,96,3459,4174,-66,23720,89,15017,2855,6301,9216,27776
2380,101,94,3459,4174,-63,1078,95,77,2569,7028,9216,8453
2380,101,94,3459,4174,-70,22592,105,10650,2861,6320,9216,27776
2372,101,72,3460,4169,-63,1078,96,72,2566,7026,9216,8453
2372,101,72,3460,4169,-72,21700,99,7648,2861,6330,9216,27776
2372,100,89,3460,4164,-63,1062,95,74,2568,7027,9216,8453
2372,100,89,3460,4164,-69,17140,106,5436,2860,6340,9216,27776
2372,100,93,3459,4164,-64,1050,95,65,2569,7028,9216,8453
2372,100,93,3459,4164,-70,17664,97,2437,2860,6349,9216,27776
2368,100,99,3459,4164,-64,1046,95,74,2567,7027,9216,8453
2368,100,99,3459,4164,-70,14515,97,652,2862,6359,9216,27776
2356,100,91,3459,4164,-65,1046,95,81,2569,7028,9216,8453
2356,100,91,3459,4164,-68,15555,97,156,2862,6371,9216,27776
2352,101,85,3459,4164,-64,1046,95,67,2566,7027,9216,8453
2352,101,85,3459,4164,-69,13665,94,12245,2867,6381,9216,27776
2340,100,79,3460,4164,-64,1046,96,84,2569,7028,9216,8453
2340,100,79,3460,4164,-67,13388,139,14740,2862,6391,9216,27776
2312,101,229,3459,4164,-70,1046,96,81,2569,7028,9216,8453
2312,101,229,3459,4164,-62,12479,100,8767,2865,6400,9216,27776
2276,99,698,3460,4164,-70,1034,96,77,2570,7028,9216,8453
2276,99,698,3460,4164,-65,13544,99,3947,2870,6409,9216,27776
2300,101,146,3458,4164,-67,1030,95,84,2571,7018,9216,8453
2300,101,146,3458,4164,-65,14320,97,1929,2873,6417,9216,27776
2316,100,826,3454,4164,-68,1030,96,69,2572,7018,9216,8453
2316,100,826,3454,4164,-64,14304,97,3577,2877,6422,9216,27776
2308,103,432,3453,4164,-64,1022,95,68,2573,7018,9216,8453
2308,103,432,3453,4164,-70,15175,97,7586,2879,6432,9216,27776
2308,101,455,3452,4164,-66,1014,95,66,2572,7018,9216,8453
2308,101,455,3452,4164,-76,14372,95,3980,2880,6432,9216,27776
2332,100,88,3451,4163,-64,1014,96,81,2574,7018,9216,8453
2348,100,91,3451,4163,-64,1014,96,73,2575,7018,9216,8453
2348,100,91,3451,4163,-73,14607,97,1742,2886,6445,9216,27776
2352,100,79,3450,4162,-64,1014,95,91,2575,7018,9216,8453
2352,100,79,3450,4162,-71,15035,99,1045,2890,6450,9216,27776
2364,100,77,3449,4162,-64,1014,95,76,2576,7018,9216,8453
2364,100,77,3449,4162,-77,15288,98,1164,2894,6455,9216,27776
2360,100,91,3449,4162,-66,1022,95,90,2577,7018,9216,8453
2360,100,91,3449,4162,-77,15616,97,463,2893,6455,9216,27776
2348,100,79,3450,4162,-64,1018,95,73,2579,7018,9216,8453
2348,100,79,3450,4162,-78,16128,97,245,2893,6455,9216,27776
2340,100,83,3450,4162,-64,1030,95,78,2579,7018,9216,8453
2340,100,83,3450,4162,-80,16424,97,185,2899,6455,9216,27776
2280,101,84,3452,4174,-64,1018,95,73,2581,7018,9216,8453
2280,101,84,3452,4174,-76,16448,97,180,2902,6455,9216,27776
2244,100,88,3450,4172,-64,1014,95,78,2584,7020,9216,8453
2244,100,88,3450,4172,-71,16288,97,155,2904,6455,9216,27776
2332,101,92,3449,4172,-63,1014,96,64,2584,7028,9216,8453
2332,101,92,3449,4172,-66,15959,97,173,2906,6455,9216,27776
2348,100,87,3447,4172,-64,1014,95,69,2585,7028,9216,8453
2348,100,87,3447,4172,-70,15807,97,161,2909,6455,9216,27776
2368,100,90,3446,4172,-64,1014,96,76,2588,7028,9216,8453
2368,100,90,3446,4172,-70,16071,97,227,2911,6455,9216,27776
2372,101,100,3442,4172,-64,1014,95,75,2587,7028,9216,8453
2372,101,100,3442,4172,-70,16112,97,176,2909,6445,9216,27776
2368,100,94,3441,4172,-64,1001,96,71,2590,7028,9216,8453
2368,100,94,3441,4172,-73,16032,97,238,2912,6442,9216,27776
2380,100,108,3441,4172,-65,1001,96,83,2590,7028,9216,8453
2380,100,108,3441,4172,-75,15935,97,164,2915,6436,9216,27776
2384,100,86,3441,4179,-63,1001,95,76,2591,7028,9216,8453
2384,100,86,3441,4179,-76,15903,97,196,2913,6428,9216,27776
2372,101,91,3439,4182,-63,1009,95,72,2590,7028,9216,8453
2372,101,91,3439,4182,-76,15336,97,151,2917,6426,9216,27776
2360,100,82,3437,4182,-64,1014,95,56,2591,7028,9216,8453
2360,100,82,3437,4182,-69,15360,97,167,2917,6417,9216,27776
2356,100,99,3437,4182,-64,1014,95,73,2590,7023,9216,8453
2356,100,99,3437,4182,-70,15263,97,174,2918,6416,9216,27776
2348,100,94,3435,4182,-64,1009,96,72,2590,7018,9216,8453
2348,100,94,3435,4182,-70,15200,97,163,2920,6409,9216,27776
2328,101,81,3434,4184,-64,997,95,75,2591,7018,9216,8453
2328,101,81,3434,4184,-71,15084,97,170,2921,6409,9216,27776
2300,101,90,3434,4191,-64,989,96,63,2591,7018,9216,8453
2300,101,90,3434,4191,-73,14308,97,163,2921,6400,9216,27776
2276,100,87,3433,4191,-64,978,95,79,2593,7018,9216,8453
2276,100,87,3433,4191,-81,15560,97,151,2922,6397,9216,27776
2248,101,90,3432,4191,-64,974,95,74,2592,7013,9216,8453
2242,100,89,3432,4196,-64,950,95,73,2593,7008,9216,8453
2242,100,89,3432,4196,-76,16144,97,157,2921,6385,9216,27776
2206,100,89,3433,4201,-64,926,96,94,2594,7008,9216,8453
2162,101,87,3434,4201,-64,892,96,73,2594,7008,9216,8453
2130,100,102,3433,4203,-65,777,96,244,2595,6998,9216,8453
2130,100,102,3433,4203,-79,16072,97,152,2923,6370,9216,27776
2086,100,93,3433,4211,-65,621,96,137,2596,6998,9216,8453
2049,101,88,3432,4211,-65,607,95,113,2596,6998,9216,8453
2049,101,88,3432,4211,-74,15727,97,152,2927,6361,9216,27776
2006,100,79,3433,4211,-65,625,95,76,2598,6993,9216,8453
2006,100,79,3433,4211,-73,15464,97,153,2927,6358,9216,27776
1992,101,80,3433,4211,-65,649,95,141,2601,6989,9216,8453
1992,101,80,3433,4211,-74,15272,97,159,2928,6351,9216,27776
1979,100,75,3431,4216,-64,705,95,105,2602,6989,9216,8453
1979,100,75,3431,4216,-79,15088,97,157,2928,6351,9216,27776
1967,101,83,3433,4221,-64,705,95,112,2603,6989,9216,8453
1967,101,83,3433,4221,-74,14888,97,159,2930,6343,9216,27776
1948,100,92,3431,4221,-64,811,95,121,2605,6991,9216,8453
1948,100,92,3431,4221,-75,14711,97,164,2932,6341,9216,27776
1932,101,79,3433,4221,-64,820,95,74,2606,6983,9216,8453
1932,101,79,3433,4221,-73,14679,97,149,2933,6333,9216,27776
1908,100,83,3433,4221,-66,788,96,75,2606,6983,9216,8453
1908,100,83,3433,4221,-77,14687,97,156,2935,6331,9216,27776
1872,100,78,3433,4221,-67,798,95,74,2605,6983,9216,8453
1872,100,78,3433,4221,-77,14687,97,165,2936,6326,9216,27776
1940,101,86,3433,4221,-65,774,95,87,2607,6983,9216,8453
1940,101,86,3433,4221,-73,14671,97,165,2938,6322,9216,27776
1975,100,85,3433,4221,-64,809,95,82,2607,6983,9216,8453
1975,100,85,3433,4221,-78,14848,97,153,2934,6319,9216,27776
2000,101,85,3428,4221,-63,831,96,73,2608,6983,9216,8453
2000,101,85,3428,4221,-74,15024,97,152,2933,6312,9216,27776
2029,101,82,3427,4221,-65,853,96,64,2608,6973,9216,8453
2061,101,85,3426,4231,-91,15340,97,166,2936,6302,9216,27776
2102,100,85,3427,4231,-64,902,96,67,2610,6973,9216,8453
2102,100,85,3427,4231,-75,15536,97,160,2937,6302,9216,27776
2142,100,65,3427,4231,-64,911,95,79,2611,6973,9216,8453
2170,100,78,3424,4230,-64,909,95,84,2611,6973,9216,8453
2170,100,78,3424,4230,-76,16240,97,155,2934,6297,9216,27776
2194,100,101,3421,4229,-64,917,96,74,2610,6973,9216,8453
2194,100,101,3421,4229,-82,16488,97,153,2928,6292,9216,27776
2214,100,78,3416,4229,-64,909,96,77,2611,6973,9216,8453
2214,100,78,3416,4229,-82,16752,97,143,2925,6292,9216,27776
2222,101,87,3414,4229,-67,931,95,57,2612,6968,9216,8453
2210,100,87,3411,4235,-67,946,95,62,2613,6963,9216,8453
2210,100,87,3411,4235,-80,17064,97,157,2924,6279,9216,27776
2174,101,99,3411,4238,-70,942,96,92,2611,6963,9216,8453
2174,101,99,3411,4238,-77,17080,97,163,2918,6271,9216,27776
2142,101,188,3412,4238,-70,919,96,78,2612,6963,9216,8453
2142,101,188,3412,4238,-67,16952,97,154,2913,6262,9216,27776
2074,100,288,3414,4240,-66,876,96,88,2615,6963,9216,8453
2074,100,288,3414,4240,-65,16560,97,176,2918,6262,9216,27776
1942,101,203,3416,4248,-83,2967,140,16796,2613,6958,9216,8453
1942,101,203,3416,4248,-72,15464,97,2543,2916,6258,9216,27776
1776,101,8574,3416,4248,-79,7339,101,13734,2612,6953,9216,8453
1776,101,8574,3416,4248,-63,15580,99,4274,2913,6250,9216,27776
1900,96,5212,3416,4248,-60,14144,97,9500,2910,6250,9216,27776
1663,101,6838,3418,4248,-70,9768,114,15416,2611,6950,9216,8453
1663,101,6838,3418,4248,-70,14826,97,13248,2900,6242,9216,27776
1624,101,4267,3414,4253,-67,12285,116,12077,2603,6938,9216,8453
1624,101,4267,3414,4253,-69,14228,107,13306,2901,6247,9216,27776
3756,111,5702,3409,4258,-71,7333,96,2602,2606,6933,9216,8453
3756,111,5702,3409,4258,-66,19128,94,10861,2902,6250,9216,27776
2049,100,4853,3408,4263,-70,6993,94,3433,2606,6946,9216,8453
2049,100,4853,3408,4263,-63,29992,129,19956,2896,6247,9216,27776
1924,100,2809,3403,4270,-73,27823,113,13444,2876,6237,9216,27776
1727,111,5763,3397,4278,-74,6706,99,5066,2608,6970,9216,8453
1727,111,5763,3397,4278,-82,26668,98,8019,2861,6237,9216,27776
1607,104,5231,3394,4280,-73,5434,99,7038,2596,6969,9216,8453
2325,92,4887,3379,4285,-82,6208,96,4222,2597,6971,9216,8453
2325,92,4887,3379,4285,-65,35440,98,3888,2797,6228,9216,27776
1844,112,6462,3371,4285,-77,5701,93,3720,2597,6971,9216,8453
1844,112,6462,3371,4285,-55,39696,97,2862,2788,6238,9216,27776
1674,100,3807,3368,4295,-80,4445,104,5240,2597,6979,9216,8453
1674,100,3807,3368,4295,-76,37712,92,4190,2779,6245,9216,27776
3130,98,2481,3361,4294,-82,6743,92,9248,2599,6981,9216,8453
3130,98,2481,3361,4294,-76,30600,82,5106,2771,6257,9216,27776
1875,109,3621,3343,4295,-89,12350,115,10184,2595,6991,9216,8453
1875,109,3621,3343,4295,-67,33412,83,7639,2757,6269,9216,27776
2780,99,3723,3338,4305,-81,20663,102,27121,2586,6991,9216,8453
2780,99,3723,3338,4305,-62,31492,100,7910,2745,6279,9216,27776
3282,98,2873,3333,4315,-61,29467,90,6091,2728,6286,9216,27776
2060,105,4222,3327,4323,-78,11170,107,12875,2575,6989,9216,8453
2060,105,4222,3327,4323,-72,29832,105,3315,2717,6297,9216,27776
2932,94,4422,3323,4333,-81,10285,105,9863,2571,6989,9216,8453
2932,94,4422,3323,4333,-69,31200,101,3914,2699,6302,9216,27776
2760,112,6851,3320,4345,-77,14905,98,12469,2566,6983,9216,8453
2760,112,6851,3320,4345,-67,26552,92,6185,2685,6302,9216,27776
1687,103,4513,3313,4360,-80,14562,102,12043,2564,6995,9216,8453
1687,103,4513,3313,4360,-77,30348,117,5668,2677,6315,9216,27776
2064,105,4114,3312,4381,-80,24124,97,11230,2561,7000,9216,8453
2064,105,4114,3312,4381,-69,30692,99,5458,2673,6333,9216,27776
1731,103,3585,3310,4408,-89,21536,109,6947,2563,7007,9216,8453
1731,103,3585,3310,4408,-66,27224,88,4897,2669,6355,9216,27776
1437,98,6427,3305,4435,-81,22380,103,15458,2556,7016,9216,8453
1437,98,6427,3305,4435,-68,18356,107,5496,2667,6379,9216,27776
3209,112,5887,3302,4466,-88,14608,133,10580,2544,7021,9216,8453
3209,112,5887,3302,4466,-72,20400,105,10879,2661,6398,9216,27776
1167,104,4462,3299,4499,-72,13278,104,18448,2539,7021,9216,8453
1167,104,4462,3299,4499,-69,16921,107,28248,2666,6425,9216,27776
1486,101,4004,3296,4534,-80,17420,100,20344,2532,7012,9216,8453
1486,101,4004,3296,4534,-79,12576,196,26349,2677,6458,9216,27776
2855,103,3994,3295,4568,-77,14237,111,22928,2534,7021,9216,8453
2855,103,3994,3295,4568,-74,5964,111,20737,2685,6499,9216,27776
1948,88,5875,3295,4602,-80,12514,96,24292,2534,7024,9216,8453
1948,88,5875,3295,4602,-69,8792,175,18458,2692,6545,9216,27776
2837,106,6231,3296,4634,-71,15820,97,18221,2527,7022,9216,8453
2837,106,6231,3296,4634,-78,2057,81,21993,2702,6579,9216,27776
12534,110,6233,3294,4666,-86,5820,94,16125,2519,7017,9216,8453
7022,103,3734,3293,4693,-82,399,107,12981,2757,6325,9216,27776
15997,97,3818,3286,4717,-87,71,116,12280,2543,7021,9216,8453
15997,97,3818,3286,4717,-86,0,108,5071,2761,6430,9216,27776
8058,102,7673,3284,4741,-80,6,141,12820,2556,7065,9216,8453
6641,104,6442,3280,4764,-80,12,133,18535,2573,7123,9216,8453
6641,104,6442,3280,4764,-88,0,77,7640,2781,6622,9216,27776
3404,96,1947,3279,4783,-91,16,162,15204,2591,7192,9216,8453
3824,106,2409,3276,4803,-83,0,91,4544,2802,6827,9216,27776
4218,105,1619,3270,4831,-89,10,162,13898,2619,7406,9216,8453
4218,105,1619,3270,4831,-80,0,96,6454,2820,7064,9216,27776
4798,104,1990,3266,4842,-62,0,136,15321,2630,7474,9216,8453
4798,104,1990,3266,4842,-86,0,96,5018,2826,7187,9216,27776
4540,95,1878,3261,4852,-87,4,114,13908,2643,7543,9216,8453
4540,95,1878,3261,4852,-78,0,83,3286,2836,7265,9216,27776
4574,108,4865,3258,4865,-79,8,90,13259,2649,7597,9216,8453
4574,108,4865,3258,4865,-80,0,100,5040,2843,7370,9216,27776
5089,108,3525,3243,4878,-76,10,91,6037,2665,7679,9216,8453
5089,108,3525,3243,4878,-81,0,89,8565,2858,7505,9216,27776
6902,98,2711,3240,4884,-88,14,110,14035,2676,7716,9216,8453
6902,98,2711,3240,4884,-88,0,118,5288,2866,7578,9216,27776
6135,99,2379,3238,4896,-78,12,103,7455,2682,7746,9216,8453
5837,102,2934,3235,4906,-76,20,140,13404,2696,7777,9216,8453
5837,102,2934,3235,4906,-89,0,86,6462,2879,7773,9216,27776
3913,114,8189,3229,4913,-72,0,97,3874,2884,7834,9216,27776
3350,102,6562,3225,4926,-69,24,96,7958,2706,7831,9216,8453
2948,99,1579,3228,4937,-71,24,97,4477,2711,7854,9216,8453
2948,99,1579,3228,4937,-76,0,76,5021,2897,7903,9216,27776
4275,105,5640,3223,4952,-88,0,77,6302,2907,8044,9216,27776
7947,98,1564,3225,4960,-82,0,117,11063,2915,8060,9216,27776
12158,102,3396,3228,4970,-89,16,124,20383,2747,7953,9216,8453
10844,98,1840,3228,4970,-88,8,86,8286,2757,7970,9216,8453
10844,98,1840,3228,4970,-82,0,81,7155,2930,8175,9216,27776
11078,108,4183,3228,4979,-89,14,111,9758,2761,7992,9216,8453
10184,104,3468,3227,4979,-84,0,104,8470,2940,8242,9216,27776
10562,99,2977,3225,4979,-86,0,81,6134,2947,8242,9216,27776
8666,99,3944,3223,4979,-89,0,90,9807,2952,8227,9216,27776
8472,103,3469,3219,4981,-87,0,128,11181,2958,8240,9216,27776
8392,102,3285,3215,4991,-86,0,117,10483,2969,8235,9216,27776
8719,104,4971,3214,5001,-87,0,124,8211,2970,8313,9216,27776
9224,102,4297,3218,5060,-89,0,142,9857,2836,8097,9216,8453
8253,89,5728,3217,5073,-80,108,115,15193,2844,8104,9216,8453
8253,89,5728,3217,5073,-79,0,99,7505,2991,8526,9216,27776
5958,107,5549,3213,5084,-85,0,105,10896,2994,8553,9216,27776
6910,105,3591,3213,5094,-77,17683,104,15069,2853,8140,9216,8453
6910,105,3591,3213,5094,-85,0,85,11432,2997,8568,9216,27776
8739,94,5316,3211,5099,-82,21804,88,9765,2847,8135,9216,8453
10146,104,5685,3212,5107,-78,20684,108,6306,2850,8079,9216,8453
8578,107,4760,3207,5107,-82,17580,97,7563,2848,8030,9216,8453
8578,107,4760,3207,5107,-87,0,101,10757,3007,8568,9216,27776
9204,113,5070,3201,5114,-84,22380,100,9348,2850,7911,9216,8453
9164,99,3811,3199,5124,-84,0,108,6355,3014,8583,9216,27776
8184,91,4046,3197,5124,-89,13883,100,11145,2846,7779,9216,8453
8184,91,4046,3197,5124,-86,0,90,8717,3017,8606,9216,27776
8590,109,5112,3192,5124,-83,10713,111,16034,2852,7729,9216,8453
5641,98,2706,3187,5144,-79,0,97,802,3033,8489,9216,27776
6092,104,1142,3190,5148,-84,0,97,416,3036,8445,9216,27776
6253,101,459,3194,5153,-79,9744,100,10783,2865,7488,9216,8453
6253,101,459,3194,5153,-82,0,97,2291,3039,8423,9216,27776
6060,100,504,3197,5163,-82,9766,118,12893,2868,7437,9216,8453
5190,102,5002,3200,5168,-84,7588,107,11288,2870,7405,9216,8453
4340,99,7327,3197,5173,-87,87,93,16851,2874,7366,9216,8453
7491,106,5021,3190,5173,-82,32,124,10430,2889,7348,9216,8453
8840,97,2722,3187,5173,-89,0,81,8224,3054,8557,9216,27776
7578,107,3363,3189,5173,-84,0,110,8979,3058,8542,9216,27776
7255,101,3556,3190,5173,-90,6,101,11772,2914,7447,9216,8453
5275,101,8962,3187,5173,-80,0,112,12447,2920,7469,9216,8453
5275,101,8962,3187,5173,-83,0,90,10289,3063,8496,9216,27776
3815,101,6435,3190,5173,-77,0,108,16014,3063,8498,9216,27776
3355,99,2253,3189,5173,-85,0,113,10013,3066,8464,9216,27776
3220,112,2617,3185,5173,-83,0,99,2874,3068,8428,9216,27776
4972,96,7705,3187,5183,-92,0,96,357,3073,8364,9216,27776
4514,94,5050,3188,5183,-80,20,94,4336,2936,7522,9216,8453
4514,94,5050,3188,5183,-90,0,96,1585,3075,8345,9216,27776
4137,100,3889,3191,5183,-83,0,113,7433,3079,8290,9216,27776
4103,110,3854,3194,5185,-86,26,106,10643,2945,7523,9216,8453
4103,110,3854,3194,5185,-83,0,101,5264,3078,8398,9216,27776
3885,108,3698,3192,5189,-80,0,97,1954,3081,8390,9216,27776
3685,106,1748,3193,5192,-84,14,95,7185,2949,7533,9216,8453
3685,106,1748,3193,5192,-78,0,96,1508,3085,8315,9216,27776
3500,96,2266,3190,5192,-76,0,97,1383,3087,8288,9216,27776
4450,102,4352,3191,5192,-82,0,97,2554,3089,8283,9216,27776
5276,97,4371,3189,5192,-82,0,84,6063,3091,8358,9216,27776
5044,110,2939,3186,5192,-84,26,105,12602,2965,7552,9216,8453
5044,110,2939,3186,5192,-87,0,123,10648,3092,8434,9216,27776
4425,96,1374,3186,5192,-85,12,105,16471,2969,7553,9216,8453
4425,96,1374,3186,5192,-76,0,109,12628,3095,8417,9216,27776
3927,109,3393,3182,5199,-89,26,110,10823,2973,7559,9216,8453
4668,102,3450,3167,5200,-83,30,109,16790,2979,7566,9216,8453
4668,102,3450,3167,5200,-85,0,125,12536,3099,8424,9216,27776
4629,95,4380,3158,5200,-80,0,114,19517,2983,7561,9216,8453
4629,95,4380,3158,5200,-91,0,149,8275,3100,8397,9216,27776
5134,109,3905,3148,5200,-86,24,129,22231,2992,7553,9216,8453
5134,109,3905,3148,5200,-83,0,99,12328,3101,8388,9216,27776
4853,107,3730,3144,5207,-84,6,163,20952,3001,7566,9216,8453
4274,101,3676,3143,5214,-86,0,82,11905,3104,8349,9216,27776
4588,100,3127,3130,5219,-92,13789,102,18955,3000,7633,9216,8453
4588,100,3127,3130,5219,-87,0,114,7707,3105,8310,9216,27776
5110,99,4569,3121,5228,-88,0,137,11601,3107,8310,9216,27776
3833,109,3632,3121,5235,-90,28964,104,6564,2990,7600,9216,8453
3389,106,4967,3122,5246,-89,0,107,5236,3111,8305,9216,27776
3905,103,3976,3121,5256,-86,29507,109,3650,2996,7524,9216,8453
3905,103,3976,3121,5256,-84,0,113,11694,3114,8294,9216,27776
4065,102,3481,3121,5268,-90,26128,101,4462,2999,7503,9216,8453
4065,102,3481,3121,5268,-89,0,87,8912,3114,8303,9216,27776
3358,100,4041,3120,5291,-89,0,93,8734,3117,8296,9216,27776
4347,106,2499,3100,5292,-91,25624,100,4422,3009,7484,9216,8453
4347,106,2499,3100,5292,-89,0,132,8549,3119,8306,9216,27776
3857,101,3012,3098,5297,-91,0,97,10651,3120,8313,9216,27776
3954,97,2350,3104,5324,-91,0,104,9639,3132,8240,9216,27776
3252,103,2444,3096,5319,-89,0,93,11750,3138,8199,9216,27776
2851,104,1809,3096,5319,-87,0,92,8090,3139,8201,9216,27776
2335,108,3313,3096,5322,-84,0,110,8401,3140,8212,9216,27776
3210,109,5568,3128,5378,-89,39020,122,12394,3160,7453,9216,8453
3210,109,5568,3128,5378,-91,0,103,7177,3169,8107,9216,27776
373072,104,3640,3153,5883,-82,0,124,5731,3193,8138,9216,27776
546176,92,3007,3157,5930,-82,0,102,8732,3195,8136,9216,27776
21572,107,6166,3159,5976,-92,1387,110,2679,3206,7398,9216,8453
21572,107,6166,3159,5976,-82,0,81,10227,3198,8109,9216,27776
23356,105,4630,3157,6013,-92,1165,100,2761,3211,7386,9216,8453
23356,105,4630,3157,6013,-82,0,118,7239,3200,8117,9216,27776
21152,101,4049,3159,6045,-82,0,108,7838,3203,8142,9216,27776
21532,102,3415,3163,6094,-82,0,91,8635,3204,8120,9216,27776
19384,95,4394,3168,6133,-81,0,91,8462,3206,8139,9216,27776
13296,105,3124,3176,6211,-91,0,94,7739,3212,8147,9216,27776
8992,105,2560,3180,6248,-83,0,95,11540,3214,8140,9216,27776
8328,103,2476,3184,6278,-86,0,139,15519,3216,8140,9216,27776
6911,98,4670,3186,6302,-78,0,118,9281,3218,8127,9216,27776
5859,113,4703,3187,6319,-85,0,110,5284,3220,8203,9216,27776
5219,108,4482,3186,6332,-82,0,101,5710,3222,8142,9216,27776
5904,102,3004,3189,6337,-78,0,96,5764,3223,8206,9216,27776
3937,100,2791,3188,6337,-90,5263,101,12075,3264,7369,9216,8453
3937,100,2791,3188,6337,-90,0,104,5846,3228,8152,9216,27776
2719,102,6993,3189,6347,-89,0,91,3206,3230,8154,9216,27776
2538,120,7158,3187,6347,-87,0,104,5786,3232,8122,9216,27776
3356,109,4687,3189,6347,-90,183520,99,12438,3239,7295,9216,8453
3356,109,4687,3189,6347,-87,0,105,6958,3235,8136,9216,27776
3083,89,3622,3188,6349,-87,0,97,930,3235,8177,9216,27776
3155,109,2709,3189,6356,-85,52760,109,8766,3224,7220,9216,8453
3356,98,3140,3191,6356,-89,0,97,449,3241,8115,9216,27776
8107,118,6706,3198,6358,-81,16555,96,16054,3222,7157,9216,8453
10164,107,4345,3200,6366,-84,27115,98,7248,3216,7147,9216,8453
3952,99,4766,3206,6366,-92,3422,109,6266,3208,7103,9216,8453
3976,91,3641,3210,6367,-86,7703,103,8915,3204,7083,9216,8453
3879,109,4290,3209,6368,-75,61332,98,8068,3199,7068,9216,8453
4041,102,6384,3212,6369,-76,67648,91,7456,3197,7049,9216,8453
2351,94,4986,3211,6369,-89,15733,108,4155,3197,7041,9216,8453
2351,94,4986,3211,6369,-91,0,134,11597,3259,8278,9216,27776
876,114,4287,3215,6371,-76,1980,98,3144,3199,7027,9216,8453
585,107,3251,3218,6379,-77,2818,108,2562,3205,7020,9216,8453
743,102,5035,3221,6379,-86,2140,111,13765,3208,7015,9216,8453
1172,101,4579,3221,6389,-82,68984,113,13958,3197,7002,9216,8453
1707,95,3684,3222,6384,-89,104704,118,17839,3190,6996,9216,8453
1582,97,2991,3222,6379,-91,188992,128,17865,3203,6990,9216,8453
1908,103,2715,3222,6374,-88,270752,107,10575,3189,7013,9216,8453
2383,105,1529,3222,6366,-78,174584,104,12172,3191,7012,9216,8453
7940,102,10850,3238,6281,-87,0,98,542,3302,8103,9216,27776
11070,104,1604,3261,6275,-91,0,96,1593,3317,8098,9216,27776
15954,105,4433,3265,6265,-84,0,96,955,3324,8117,9216,27776
15364,102,2288,3266,6262,-76,0,96,1372,3327,8133,9216,27776
10606,103,2883,3267,6254,-80,0,96,3673,3328,8143,9216,27776
7166,98,3503,3262,6254,-88,0,96,10856,3330,8136,9216,27776
1933,99,5091,3259,6235,-90,266,99,1933,3229,7067,9216,8453
1933,99,5091,3259,6235,-84,0,113,10513,3332,8313,9216,27776
2287,102,2269,3260,6235,-87,0,89,11595,3334,8295,9216,27776
2122,100,1799,3263,6235,-87,0,109,9672,3333,8317,9216,27776
2218,99,1390,3265,6227,-92,0,77,9265,3334,8320,9216,27776
2186,98,2784,3260,6225,-91,306,98,1660,3229,7052,9216,8453
2170,100,1292,3261,6215,-93,245,100,1207,3232,7077,9216,8453
2058,100,1333,3245,6222,-88,324,95,2960,3250,7175,9216,8453
2086,100,1080,3242,6223,-83,0,84,9103,3347,8040,9216,27776
2110,100,440,3244,6225,-89,0,101,13617,3348,8072,9216,27776
2110,102,1395,3247,6225,-91,370,104,12716,3263,7129,9216,8453
2110,102,1395,3247,6225,-90,0,95,2655,3350,7991,9216,27776
2062,101,765,3246,6225,-89,0,88,7599,3351,8023,9216,27776
2170,100,2372,3250,6225,-84,0,110,12121,3356,8086,9216,27776
2231,102,3642,3256,6225,-84,0,113,9663,3356,8101,9216,27776
2284,99,1549,3252,6225,-83,0,102,12063,3359,8118,9216,27776
1331,100,2869,3255,6225,-94,0,106,4685,3363,8064,9216,27776
968,100,2100,3255,6225,-87,0,99,7741,3362,8123,9216,27776
854,97,3066,3256,6225,-93,0,94,6242,3363,8130,9216,27776
851,98,3779,3256,6235,-81,0,94,9179,3367,7995,9216,27776
1322,102,2775,3258,6235,-74,0,101,3408,3370,7872,9216,27776
2120,106,2353,3260,6235,-77,0,94,3271,3370,7875,9216,27776
2576,101,3240,3261,6235,-88,0,97,7202,3371,7912,9216,27776
2476,100,4009,3261,6230,-74,0,79,8137,3373,7968,9216,27776
3009,105,4471,3263,6225,-89,0,94,5063,3374,8015,9216,27776
2404,98,3708,3265,6225,-80,0,97,1092,3376,8025,9216,27776
3797,99,4983,3267,6225,-87,0,102,1611,3379,8018,9216,27776
2520,102,1111,3271,6216,-85,0,92,1458,3379,8174,9216,27776
164,102,1517,3296,6160,-92,0,109,5131,3402,8124,9216,27776
243,94,3097,3296,6152,-90,0,106,7857,3402,8112,9216,27776
427,105,2768,3296,6150,-81,0,91,8412,3402,8097,9216,27776
1567,107,3987,3297,6150,-84,0,105,9394,3401,8119,9216,27776
821,106,5962,3300,6150,-86,290,96,8704,3281,7107,9216,8453
821,106,5962,3300,6150,-82,0,89,9194,3402,8058,9216,27776
1024,106,8633,3282,6140,-92,820,94,3097,3283,7097,9216,8453
764,101,4124,3281,6140,-90,0,120,7659,3402,8102,9216,27776
601,97,2117,3281,6150,-84,0,89,9062,3403,8080,9216,27776
1772,94,2272,3282,6150,-90,1229,94,2899,3289,7114,9216,8453
1789,101,4334,3284,6150,-89,0,97,6001,3404,8078,9216,27776
2812,99,3604,3281,6150,-92,0,111,9958,3406,8087,9216,27776
3603,101,4252,3280,6150,-81,907,92,7423,3299,7130,9216,8453
599,109,5901,3280,6155,-88,0,102,8954,3407,8100,9216,27776
571,105,8704,3282,6160,-88,1574,114,9737,3286,7108,9216,8453
264,104,2483,3283,6170,-86,0,91,5747,3412,8075,9216,27776
407,98,8838,3285,6170,-85,0,97,6451,3413,7995,9216,27776
539,106,4854,3287,6170,-83,0,98,4842,3414,7962,9216,27776
722,106,2744,3283,6170,-90,0,98,7666,3416,7974,9216,27776
1309,93,4446,3288,6170,-86,0,107,5043,3418,7973,9216,27776
